agence,ville,quartier,whatsapp,lien_whatsapp,email,instagram,deja_video,message,envoye_le,reponse,statut
Les Tailleurs de l'Immobilier,Marrakech,Guéliz (60 rue Sourya),+212602525490,https://wa.me/212602525490?text=Bonjour%20Les%20Tailleurs%20de%20l%27Immobilier%20%F0%9F%91%8B%0AJe%20suis%20Julien%2C%20fondateur%20d%27ImmoClap%20%28Marrakech%29.%20On%20transforme%20les%20photos%20de%20vos%20biens%20en%20vid%C3%A9o%20cin%C3%A9matique%20pour%20Instagram%2C%20TikTok%20et%20les%20portails%2C%20en%20quelques%20minutes%2C%20avec%20votre%20logo.%0AVos%20annonces%20pourraient%20avoir%20une%20vid%C3%A9o%20en%20plus%20des%20photos%2C%20sans%20tournage.%0AExemple%20%3A%20https%3A//immoclap.netlify.app/%3Fv%3Dwa-ma%0AOffre%20de%20lancement%20%3A%20-30%20%25%20sur%20la%201re%20vid%C3%A9o%20%28104%20DH%20au%20lieu%20de%20149%29.%20Ou%20899%20DH/mois%20pour%2010%20vid%C3%A9os.%0AJe%20peux%20vous%20en%20dire%20plus%20%3F,contact@lestailleursdelimmobilier.com,,inconnu,"Bonjour Les Tailleurs de l'Immobilier 👋
Je suis Julien, fondateur d'ImmoClap (Marrakech). On transforme les photos de vos biens en vidéo cinématique pour Instagram, TikTok et les portails, en quelques minutes, avec votre logo.
Vos annonces pourraient avoir une vidéo en plus des photos, sans tournage.
Exemple : https://immoclap.netlify.app/?v=wa-ma
Offre de lancement : -30 % sur la 1re vidéo (104 DH au lieu de 149). Ou 899 DH/mois pour 10 vidéos.
Je peux vous en dire plus ?",,,à envoyer
LE 25 Immobilier,Marrakech,Victor Hugo (55 rue Oued Kbir),+212701250881,https://wa.me/212701250881?text=Bonjour%20LE%2025%20Immobilier%20%F0%9F%91%8B%0AJe%20suis%20Julien%2C%20fondateur%20d%27ImmoClap%20%28Marrakech%29.%20On%20transforme%20les%20photos%20de%20vos%20biens%20en%20vid%C3%A9o%20cin%C3%A9matique%20pour%20Instagram%2C%20TikTok%20et%20les%20portails%2C%20en%20quelques%20minutes%2C%20avec%20votre%20logo.%0AJe%20vois%20que%20vous%20publiez%20d%C3%A9j%C3%A0%20des%20vid%C3%A9os%20%3A%20ImmoClap%20vous%20%C3%A9vite%20le%20tournage%20et%20le%20montage.%0AExemple%20%3A%20https%3A//immoclap.netlify.app/%3Fv%3Dwa-ma%0AOffre%20de%20lancement%20%3A%20-30%20%25%20sur%20la%201re%20vid%C3%A9o%20%28104%20DH%20au%20lieu%20de%20149%29.%20Ou%20899%20DH/mois%20pour%2010%20vid%C3%A9os.%0AJe%20peux%20vous%20en%20dire%20plus%20%3F,contact@le-25.com,https://www.instagram.com/le25immo/,oui,"Bonjour LE 25 Immobilier 👋
Je suis Julien, fondateur d'ImmoClap (Marrakech). On transforme les photos de vos biens en vidéo cinématique pour Instagram, TikTok et les portails, en quelques minutes, avec votre logo.
Je vois que vous publiez déjà des vidéos : ImmoClap vous évite le tournage et le montage.
Exemple : https://immoclap.netlify.app/?v=wa-ma
Offre de lancement : -30 % sur la 1re vidéo (104 DH au lieu de 149). Ou 899 DH/mois pour 10 vidéos.
Je peux vous en dire plus ?",,,à envoyer
L'Immobilier Sans Frontières,Marrakech,Targa (Prestige Targa),+212661989493,https://wa.me/212661989493?text=Bonjour%20L%27Immobilier%20Sans%20Fronti%C3%A8res%20%F0%9F%91%8B%0AJe%20suis%20Julien%2C%20fondateur%20d%27ImmoClap%20%28Marrakech%29.%20On%20transforme%20les%20photos%20de%20vos%20biens%20en%20vid%C3%A9o%20cin%C3%A9matique%20pour%20Instagram%2C%20TikTok%20et%20les%20portails%2C%20en%20quelques%20minutes%2C%20avec%20votre%20logo.%0AJe%20vois%20que%20vous%20publiez%20d%C3%A9j%C3%A0%20des%20vid%C3%A9os%20%3A%20ImmoClap%20vous%20%C3%A9vite%20le%20tournage%20et%20le%20montage.%0AExemple%20%3A%20https%3A//immoclap.netlify.app/%3Fv%3Dwa-ma%0AOffre%20de%20lancement%20%3A%20-30%20%25%20sur%20la%201re%20vid%C3%A9o%20%28104%20DH%20au%20lieu%20de%20149%29.%20Ou%20899%20DH/mois%20pour%2010%20vid%C3%A9os.%0AJe%20peux%20vous%20en%20dire%20plus%20%3F,contact@limmobiliersansfrontieres.com,https://www.instagram.com/limmobiliersansfrontieres/,oui,"Bonjour L'Immobilier Sans Frontières 👋
Je suis Julien, fondateur d'ImmoClap (Marrakech). On transforme les photos de vos biens en vidéo cinématique pour Instagram, TikTok et les portails, en quelques minutes, avec votre logo.
Je vois que vous publiez déjà des vidéos : ImmoClap vous évite le tournage et le montage.
Exemple : https://immoclap.netlify.app/?v=wa-ma
Offre de lancement : -30 % sur la 1re vidéo (104 DH au lieu de 149). Ou 899 DH/mois pour 10 vidéos.
Je peux vous en dire plus ?",,,à envoyer
Promo Immo Marrakech,Marrakech,"Guéliz (Bd Mohamed Zerktouni, Imm. 35/36)",+212661825359,https://wa.me/212661825359?text=Bonjour%20Promo%20Immo%20Marrakech%20%F0%9F%91%8B%0AJe%20suis%20Julien%2C%20fondateur%20d%27ImmoClap%20%28Marrakech%29.%20On%20transforme%20les%20photos%20de%20vos%20biens%20en%20vid%C3%A9o%20cin%C3%A9matique%20pour%20Instagram%2C%20TikTok%20et%20les%20portails%2C%20en%20quelques%20minutes%2C%20avec%20votre%20logo.%0AVos%20annonces%20pourraient%20avoir%20une%20vid%C3%A9o%20en%20plus%20des%20photos%2C%20sans%20tournage.%0AExemple%20%3A%20https%3A//immoclap.netlify.app/%3Fv%3Dwa-ma%0AOffre%20de%20lancement%20%3A%20-30%20%25%20sur%20la%201re%20vid%C3%A9o%20%28104%20DH%20au%20lieu%20de%20149%29.%20Ou%20899%20DH/mois%20pour%2010%20vid%C3%A9os.%0AJe%20peux%20vous%20en%20dire%20plus%20%3F,contact@promoimmomarrakech.com,https://www.instagram.com/promoimmomarrakech/,inconnu,"Bonjour Promo Immo Marrakech 👋
Je suis Julien, fondateur d'ImmoClap (Marrakech). On transforme les photos de vos biens en vidéo cinématique pour Instagram, TikTok et les portails, en quelques minutes, avec votre logo.
Vos annonces pourraient avoir une vidéo en plus des photos, sans tournage.
Exemple : https://immoclap.netlify.app/?v=wa-ma
Offre de lancement : -30 % sur la 1re vidéo (104 DH au lieu de 149). Ou 899 DH/mois pour 10 vidéos.
Je peux vous en dire plus ?",,,à envoyer
Guy Hoquet Marrakech,Marrakech,"Marrakech Plaza, place du 16 Novembre (Guéliz)",,,marrakech@guyhoquet.com,,inconnu,"Bonjour Guy Hoquet Marrakech 👋
Je suis Julien, fondateur d'ImmoClap (Marrakech). On transforme les photos de vos biens en vidéo cinématique pour Instagram, TikTok et les portails, en quelques minutes, avec votre logo.
Vos annonces pourraient avoir une vidéo en plus des photos, sans tournage.
Exemple : https://immoclap.netlify.app/?v=wa-ma
Offre de lancement : -30 % sur la 1re vidéo (104 DH au lieu de 149). Ou 899 DH/mois pour 10 vidéos.
Je peux vous en dire plus ?",,,pas de mobile → e-mail/DM
Palais Rouge Immobilier,Marrakech,Bd Abdelkrim Al Khattabi,+212644384020,https://wa.me/212644384020?text=Bonjour%20Palais%20Rouge%20Immobilier%20%F0%9F%91%8B%0AJe%20suis%20Julien%2C%20fondateur%20d%27ImmoClap%20%28Marrakech%29.%20On%20transforme%20les%20photos%20de%20vos%20biens%20en%20vid%C3%A9o%20cin%C3%A9matique%20pour%20Instagram%2C%20TikTok%20et%20les%20portails%2C%20en%20quelques%20minutes%2C%20avec%20votre%20logo.%0AJe%20vois%20que%20vous%20publiez%20d%C3%A9j%C3%A0%20des%20vid%C3%A9os%20%3A%20ImmoClap%20vous%20%C3%A9vite%20le%20tournage%20et%20le%20montage.%0AExemple%20%3A%20https%3A//immoclap.netlify.app/%3Fv%3Dwa-ma%0AOffre%20de%20lancement%20%3A%20-30%20%25%20sur%20la%201re%20vid%C3%A9o%20%28104%20DH%20au%20lieu%20de%20149%29.%20Ou%20899%20DH/mois%20pour%2010%20vid%C3%A9os.%0AJe%20peux%20vous%20en%20dire%20plus%20%3F,palaisrouge@gmail.com,https://www.instagram.com/palaisrougeimmo/,oui,"Bonjour Palais Rouge Immobilier 👋
Je suis Julien, fondateur d'ImmoClap (Marrakech). On transforme les photos de vos biens en vidéo cinématique pour Instagram, TikTok et les portails, en quelques minutes, avec votre logo.
Je vois que vous publiez déjà des vidéos : ImmoClap vous évite le tournage et le montage.
Exemple : https://immoclap.netlify.app/?v=wa-ma
Offre de lancement : -30 % sur la 1re vidéo (104 DH au lieu de 149). Ou 899 DH/mois pour 10 vidéos.
Je peux vous en dire plus ?",,,à envoyer
Vaneau Maroc,Marrakech,Guéliz (angle rue Loubnane / rue Hassania),+212664905373,https://wa.me/212664905373?text=Bonjour%20Vaneau%20Maroc%20%F0%9F%91%8B%0AJe%20suis%20Julien%2C%20fondateur%20d%27ImmoClap%20%28Marrakech%29.%20On%20transforme%20les%20photos%20de%20vos%20biens%20en%20vid%C3%A9o%20cin%C3%A9matique%20pour%20Instagram%2C%20TikTok%20et%20les%20portails%2C%20en%20quelques%20minutes%2C%20avec%20votre%20logo.%0AVos%20annonces%20pourraient%20avoir%20une%20vid%C3%A9o%20en%20plus%20des%20photos%2C%20sans%20tournage.%0AExemple%20%3A%20https%3A//immoclap.netlify.app/%3Fv%3Dwa-ma%0AOffre%20de%20lancement%20%3A%20-30%20%25%20sur%20la%201re%20vid%C3%A9o%20%28104%20DH%20au%20lieu%20de%20149%29.%20Ou%20899%20DH/mois%20pour%2010%20vid%C3%A9os.%0AJe%20peux%20vous%20en%20dire%20plus%20%3F,maroc@vaneau.fr,https://www.instagram.com/vaneau.maroc/,inconnu,"Bonjour Vaneau Maroc 👋
Je suis Julien, fondateur d'ImmoClap (Marrakech). On transforme les photos de vos biens en vidéo cinématique pour Instagram, TikTok et les portails, en quelques minutes, avec votre logo.
Vos annonces pourraient avoir une vidéo en plus des photos, sans tournage.
Exemple : https://immoclap.netlify.app/?v=wa-ma
Offre de lancement : -30 % sur la 1re vidéo (104 DH au lieu de 149). Ou 899 DH/mois pour 10 vidéos.
Je peux vous en dire plus ?",,,à envoyer
Luxurious Properties,Marrakech,Guéliz (rue du Sergent Levet),+212652383800,https://wa.me/212652383800?text=Bonjour%20Luxurious%20Properties%20%F0%9F%91%8B%0AJe%20suis%20Julien%2C%20fondateur%20d%27ImmoClap%20%28Marrakech%29.%20On%20transforme%20les%20photos%20de%20vos%20biens%20en%20vid%C3%A9o%20cin%C3%A9matique%20pour%20Instagram%2C%20TikTok%20et%20les%20portails%2C%20en%20quelques%20minutes%2C%20avec%20votre%20logo.%0AJe%20vois%20que%20vous%20publiez%20d%C3%A9j%C3%A0%20des%20vid%C3%A9os%20%3A%20ImmoClap%20vous%20%C3%A9vite%20le%20tournage%20et%20le%20montage.%0AExemple%20%3A%20https%3A//immoclap.netlify.app/%3Fv%3Dwa-ma%0AOffre%20de%20lancement%20%3A%20-30%20%25%20sur%20la%201re%20vid%C3%A9o%20%28104%20DH%20au%20lieu%20de%20149%29.%20Ou%20899%20DH/mois%20pour%2010%20vid%C3%A9os.%0AJe%20peux%20vous%20en%20dire%20plus%20%3F,contact@luxuriouspropertiesmarrakech.com,https://www.instagram.com/luxuriouspropertiesmarrakech/,oui,"Bonjour Luxurious Properties 👋
Je suis Julien, fondateur d'ImmoClap (Marrakech). On transforme les photos de vos biens en vidéo cinématique pour Instagram, TikTok et les portails, en quelques minutes, avec votre logo.
Je vois que vous publiez déjà des vidéos : ImmoClap vous évite le tournage et le montage.
Exemple : https://immoclap.netlify.app/?v=wa-ma
Offre de lancement : -30 % sur la 1re vidéo (104 DH au lieu de 149). Ou 899 DH/mois pour 10 vidéos.
Je peux vous en dire plus ?",,,à envoyer
Prestige Gallery Immo,Marrakech,"Agdal (galerie Prestigia, Bd Mohamed VI)",+212661708041,https://wa.me/212661708041?text=Bonjour%20Prestige%20Gallery%20Immo%20%F0%9F%91%8B%0AJe%20suis%20Julien%2C%20fondateur%20d%27ImmoClap%20%28Marrakech%29.%20On%20transforme%20les%20photos%20de%20vos%20biens%20en%20vid%C3%A9o%20cin%C3%A9matique%20pour%20Instagram%2C%20TikTok%20et%20les%20portails%2C%20en%20quelques%20minutes%2C%20avec%20votre%20logo.%0AVos%20annonces%20pourraient%20avoir%20une%20vid%C3%A9o%20en%20plus%20des%20photos%2C%20sans%20tournage.%0AExemple%20%3A%20https%3A//immoclap.netlify.app/%3Fv%3Dwa-ma%0AOffre%20de%20lancement%20%3A%20-30%20%25%20sur%20la%201re%20vid%C3%A9o%20%28104%20DH%20au%20lieu%20de%20149%29.%20Ou%20899%20DH/mois%20pour%2010%20vid%C3%A9os.%0AJe%20peux%20vous%20en%20dire%20plus%20%3F,contact@prestigeimmo.ma,https://www.instagram.com/nabil_prestigeimmo.ma/,inconnu,"Bonjour Prestige Gallery Immo 👋
Je suis Julien, fondateur d'ImmoClap (Marrakech). On transforme les photos de vos biens en vidéo cinématique pour Instagram, TikTok et les portails, en quelques minutes, avec votre logo.
Vos annonces pourraient avoir une vidéo en plus des photos, sans tournage.
Exemple : https://immoclap.netlify.app/?v=wa-ma
Offre de lancement : -30 % sur la 1re vidéo (104 DH au lieu de 149). Ou 899 DH/mois pour 10 vidéos.
Je peux vous en dire plus ?",,,à envoyer
Le Meurice Immobilier,Marrakech,"Guéliz (centre d'affaires Al Majid, av. Mohammed V)",+212661082071,https://wa.me/212661082071?text=Bonjour%20Le%20Meurice%20Immobilier%20%F0%9F%91%8B%0AJe%20suis%20Julien%2C%20fondateur%20d%27ImmoClap%20%28Marrakech%29.%20On%20transforme%20les%20photos%20de%20vos%20biens%20en%20vid%C3%A9o%20cin%C3%A9matique%20pour%20Instagram%2C%20TikTok%20et%20les%20portails%2C%20en%20quelques%20minutes%2C%20avec%20votre%20logo.%0AVos%20annonces%20pourraient%20avoir%20une%20vid%C3%A9o%20en%20plus%20des%20photos%2C%20sans%20tournage.%0AExemple%20%3A%20https%3A//immoclap.netlify.app/%3Fv%3Dwa-ma%0AOffre%20de%20lancement%20%3A%20-30%20%25%20sur%20la%201re%20vid%C3%A9o%20%28104%20DH%20au%20lieu%20de%20149%29.%20Ou%20899%20DH/mois%20pour%2010%20vid%C3%A9os.%0AJe%20peux%20vous%20en%20dire%20plus%20%3F,,https://www.instagram.com/lemeuriceimmobilier/,inconnu,"Bonjour Le Meurice Immobilier 👋
Je suis Julien, fondateur d'ImmoClap (Marrakech). On transforme les photos de vos biens en vidéo cinématique pour Instagram, TikTok et les portails, en quelques minutes, avec votre logo.
Vos annonces pourraient avoir une vidéo en plus des photos, sans tournage.
Exemple : https://immoclap.netlify.app/?v=wa-ma
Offre de lancement : -30 % sur la 1re vidéo (104 DH au lieu de 149). Ou 899 DH/mois pour 10 vidéos.
Je peux vous en dire plus ?",,,à envoyer
Lyz Marrakech Immobilier,Marrakech,Socoma,+212663506568,https://wa.me/212663506568?text=Bonjour%20Lyz%20Marrakech%20Immobilier%20%F0%9F%91%8B%0AJe%20suis%20Julien%2C%20fondateur%20d%27ImmoClap%20%28Marrakech%29.%20On%20transforme%20les%20photos%20de%20vos%20biens%20en%20vid%C3%A9o%20cin%C3%A9matique%20pour%20Instagram%2C%20TikTok%20et%20les%20portails%2C%20en%20quelques%20minutes%2C%20avec%20votre%20logo.%0AJe%20vois%20que%20vous%20publiez%20d%C3%A9j%C3%A0%20des%20vid%C3%A9os%20%3A%20ImmoClap%20vous%20%C3%A9vite%20le%20tournage%20et%20le%20montage.%0AExemple%20%3A%20https%3A//immoclap.netlify.app/%3Fv%3Dwa-ma%0AOffre%20de%20lancement%20%3A%20-30%20%25%20sur%20la%201re%20vid%C3%A9o%20%28104%20DH%20au%20lieu%20de%20149%29.%20Ou%20899%20DH/mois%20pour%2010%20vid%C3%A9os.%0AJe%20peux%20vous%20en%20dire%20plus%20%3F,,https://www.instagram.com/lyzmarrakechservices/,oui,"Bonjour Lyz Marrakech Immobilier 👋
Je suis Julien, fondateur d'ImmoClap (Marrakech). On transforme les photos de vos biens en vidéo cinématique pour Instagram, TikTok et les portails, en quelques minutes, avec votre logo.
Je vois que vous publiez déjà des vidéos : ImmoClap vous évite le tournage et le montage.
Exemple : https://immoclap.netlify.app/?v=wa-ma
Offre de lancement : -30 % sur la 1re vidéo (104 DH au lieu de 149). Ou 899 DH/mois pour 10 vidéos.
Je peux vous en dire plus ?",,,à envoyer
Santa Monica Agency,Marrakech,,+212651582828,https://wa.me/212651582828?text=Bonjour%20Santa%20Monica%20Agency%20%F0%9F%91%8B%0AJe%20suis%20Julien%2C%20fondateur%20d%27ImmoClap%20%28Marrakech%29.%20On%20transforme%20les%20photos%20de%20vos%20biens%20en%20vid%C3%A9o%20cin%C3%A9matique%20pour%20Instagram%2C%20TikTok%20et%20les%20portails%2C%20en%20quelques%20minutes%2C%20avec%20votre%20logo.%0AJe%20vois%20que%20vous%20publiez%20d%C3%A9j%C3%A0%20des%20vid%C3%A9os%20%3A%20ImmoClap%20vous%20%C3%A9vite%20le%20tournage%20et%20le%20montage.%0AExemple%20%3A%20https%3A//immoclap.netlify.app/%3Fv%3Dwa-ma%0AOffre%20de%20lancement%20%3A%20-30%20%25%20sur%20la%201re%20vid%C3%A9o%20%28104%20DH%20au%20lieu%20de%20149%29.%20Ou%20899%20DH/mois%20pour%2010%20vid%C3%A9os.%0AJe%20peux%20vous%20en%20dire%20plus%20%3F,,https://www.instagram.com/santamonicaagency/,oui,"Bonjour Santa Monica Agency 👋
Je suis Julien, fondateur d'ImmoClap (Marrakech). On transforme les photos de vos biens en vidéo cinématique pour Instagram, TikTok et les portails, en quelques minutes, avec votre logo.
Je vois que vous publiez déjà des vidéos : ImmoClap vous évite le tournage et le montage.
Exemple : https://immoclap.netlify.app/?v=wa-ma
Offre de lancement : -30 % sur la 1re vidéo (104 DH au lieu de 149). Ou 899 DH/mois pour 10 vidéos.
Je peux vous en dire plus ?",,,à envoyer
MLuxury,Marrakech,Guéliz (171 bis rue Mohamed El Beqal),+212673757384,https://wa.me/212673757384?text=Bonjour%20MLuxury%20%F0%9F%91%8B%0AJe%20suis%20Julien%2C%20fondateur%20d%27ImmoClap%20%28Marrakech%29.%20On%20transforme%20les%20photos%20de%20vos%20biens%20en%20vid%C3%A9o%20cin%C3%A9matique%20pour%20Instagram%2C%20TikTok%20et%20les%20portails%2C%20en%20quelques%20minutes%2C%20avec%20votre%20logo.%0AJe%20vois%20que%20vous%20publiez%20d%C3%A9j%C3%A0%20des%20vid%C3%A9os%20%3A%20ImmoClap%20vous%20%C3%A9vite%20le%20tournage%20et%20le%20montage.%0AExemple%20%3A%20https%3A//immoclap.netlify.app/%3Fv%3Dwa-ma%0AOffre%20de%20lancement%20%3A%20-30%20%25%20sur%20la%201re%20vid%C3%A9o%20%28104%20DH%20au%20lieu%20de%20149%29.%20Ou%20899%20DH/mois%20pour%2010%20vid%C3%A9os.%0AJe%20peux%20vous%20en%20dire%20plus%20%3F,mluxuryma@gmail.com,https://www.instagram.com/mluxurymarrakech/,oui,"Bonjour MLuxury 👋
Je suis Julien, fondateur d'ImmoClap (Marrakech). On transforme les photos de vos biens en vidéo cinématique pour Instagram, TikTok et les portails, en quelques minutes, avec votre logo.
Je vois que vous publiez déjà des vidéos : ImmoClap vous évite le tournage et le montage.
Exemple : https://immoclap.netlify.app/?v=wa-ma
Offre de lancement : -30 % sur la 1re vidéo (104 DH au lieu de 149). Ou 899 DH/mois pour 10 vidéos.
Je peux vous en dire plus ?",,,à envoyer
FOCH Real Estate,Marrakech,"Guéliz (centre d'affaires Zenith, 2 rue Ibn Aïcha)",+212610102924,https://wa.me/212610102924?text=Bonjour%20FOCH%20Real%20Estate%20%F0%9F%91%8B%0AJe%20suis%20Julien%2C%20fondateur%20d%27ImmoClap%20%28Marrakech%29.%20On%20transforme%20les%20photos%20de%20vos%20biens%20en%20vid%C3%A9o%20cin%C3%A9matique%20pour%20Instagram%2C%20TikTok%20et%20les%20portails%2C%20en%20quelques%20minutes%2C%20avec%20votre%20logo.%0AJe%20vois%20que%20vous%20publiez%20d%C3%A9j%C3%A0%20des%20vid%C3%A9os%20%3A%20ImmoClap%20vous%20%C3%A9vite%20le%20tournage%20et%20le%20montage.%0AExemple%20%3A%20https%3A//immoclap.netlify.app/%3Fv%3Dwa-ma%0AOffre%20de%20lancement%20%3A%20-30%20%25%20sur%20la%201re%20vid%C3%A9o%20%28104%20DH%20au%20lieu%20de%20149%29.%20Ou%20899%20DH/mois%20pour%2010%20vid%C3%A9os.%0AJe%20peux%20vous%20en%20dire%20plus%20%3F,contact@fochmarrakech.com,https://www.instagram.com/fochmarrakech/,oui,"Bonjour FOCH Real Estate 👋
Je suis Julien, fondateur d'ImmoClap (Marrakech). On transforme les photos de vos biens en vidéo cinématique pour Instagram, TikTok et les portails, en quelques minutes, avec votre logo.
Je vois que vous publiez déjà des vidéos : ImmoClap vous évite le tournage et le montage.
Exemple : https://immoclap.netlify.app/?v=wa-ma
Offre de lancement : -30 % sur la 1re vidéo (104 DH au lieu de 149). Ou 899 DH/mois pour 10 vidéos.
Je peux vous en dire plus ?",,,à envoyer
Ryad Plus Immo,Marrakech,"Guéliz (résidence Hamdane, av. Hassan II)",+212638628038,https://wa.me/212638628038?text=Bonjour%20Ryad%20Plus%20Immo%20%F0%9F%91%8B%0AJe%20suis%20Julien%2C%20fondateur%20d%27ImmoClap%20%28Marrakech%29.%20On%20transforme%20les%20photos%20de%20vos%20biens%20en%20vid%C3%A9o%20cin%C3%A9matique%20pour%20Instagram%2C%20TikTok%20et%20les%20portails%2C%20en%20quelques%20minutes%2C%20avec%20votre%20logo.%0AVos%20annonces%20pourraient%20avoir%20une%20vid%C3%A9o%20en%20plus%20des%20photos%2C%20sans%20tournage.%0AExemple%20%3A%20https%3A//immoclap.netlify.app/%3Fv%3Dwa-ma%0AOffre%20de%20lancement%20%3A%20-30%20%25%20sur%20la%201re%20vid%C3%A9o%20%28104%20DH%20au%20lieu%20de%20149%29.%20Ou%20899%20DH/mois%20pour%2010%20vid%C3%A9os.%0AJe%20peux%20vous%20en%20dire%20plus%20%3F,,https://www.instagram.com/ryadplus/,inconnu,"Bonjour Ryad Plus Immo 👋
Je suis Julien, fondateur d'ImmoClap (Marrakech). On transforme les photos de vos biens en vidéo cinématique pour Instagram, TikTok et les portails, en quelques minutes, avec votre logo.
Vos annonces pourraient avoir une vidéo en plus des photos, sans tournage.
Exemple : https://immoclap.netlify.app/?v=wa-ma
Offre de lancement : -30 % sur la 1re vidéo (104 DH au lieu de 149). Ou 899 DH/mois pour 10 vidéos.
Je peux vous en dire plus ?",,,à envoyer
Kensington Luxury Properties Morocco (affilié Christie's International Real Estate),Marrakech,Rue Ksar El Kebir ; bureau Christie's à l'Hivernage,,,marrakech@kensington.ma,https://www.instagram.com/kensington.morocco/,oui,"Bonjour Kensington Luxury Properties Morocco (affilié Christie's International Real Estate) 👋
Je suis Julien, fondateur d'ImmoClap (Marrakech). On transforme les photos de vos biens en vidéo cinématique pour Instagram, TikTok et les portails, en quelques minutes, avec votre logo.
Je vois que vous publiez déjà des vidéos : ImmoClap vous évite le tournage et le montage.
Exemple : https://immoclap.netlify.app/?v=wa-ma
Offre de lancement : -30 % sur la 1re vidéo (104 DH au lieu de 149). Ou 899 DH/mois pour 10 vidéos.
Je peux vous en dire plus ?",,,pas de mobile → e-mail/DM
Immobilier Marrakech Connexion,Marrakech,91 rue du Draa (40010),+212661448107,https://wa.me/212661448107?text=Bonjour%20Immobilier%20Marrakech%20Connexion%20%F0%9F%91%8B%0AJe%20suis%20Julien%2C%20fondateur%20d%27ImmoClap%20%28Marrakech%29.%20On%20transforme%20les%20photos%20de%20vos%20biens%20en%20vid%C3%A9o%20cin%C3%A9matique%20pour%20Instagram%2C%20TikTok%20et%20les%20portails%2C%20en%20quelques%20minutes%2C%20avec%20votre%20logo.%0AVos%20annonces%20pourraient%20avoir%20une%20vid%C3%A9o%20en%20plus%20des%20photos%2C%20sans%20tournage.%0AExemple%20%3A%20https%3A//immoclap.netlify.app/%3Fv%3Dwa-ma%0AOffre%20de%20lancement%20%3A%20-30%20%25%20sur%20la%201re%20vid%C3%A9o%20%28104%20DH%20au%20lieu%20de%20149%29.%20Ou%20899%20DH/mois%20pour%2010%20vid%C3%A9os.%0AJe%20peux%20vous%20en%20dire%20plus%20%3F,contact@marrakech-connexion.com,https://www.instagram.com/marrakechconnexion/,inconnu,"Bonjour Immobilier Marrakech Connexion 👋
Je suis Julien, fondateur d'ImmoClap (Marrakech). On transforme les photos de vos biens en vidéo cinématique pour Instagram, TikTok et les portails, en quelques minutes, avec votre logo.
Vos annonces pourraient avoir une vidéo en plus des photos, sans tournage.
Exemple : https://immoclap.netlify.app/?v=wa-ma
Offre de lancement : -30 % sur la 1re vidéo (104 DH au lieu de 149). Ou 899 DH/mois pour 10 vidéos.
Je peux vous en dire plus ?",,,à envoyer
Immobilier Mauresque,Marrakech,4 bis rue Fatima Ezzahra,+212660006666,https://wa.me/212660006666?text=Bonjour%20Immobilier%20Mauresque%20%F0%9F%91%8B%0AJe%20suis%20Julien%2C%20fondateur%20d%27ImmoClap%20%28Marrakech%29.%20On%20transforme%20les%20photos%20de%20vos%20biens%20en%20vid%C3%A9o%20cin%C3%A9matique%20pour%20Instagram%2C%20TikTok%20et%20les%20portails%2C%20en%20quelques%20minutes%2C%20avec%20votre%20logo.%0AVos%20annonces%20pourraient%20avoir%20une%20vid%C3%A9o%20en%20plus%20des%20photos%2C%20sans%20tournage.%0AExemple%20%3A%20https%3A//immoclap.netlify.app/%3Fv%3Dwa-ma%0AOffre%20de%20lancement%20%3A%20-30%20%25%20sur%20la%201re%20vid%C3%A9o%20%28104%20DH%20au%20lieu%20de%20149%29.%20Ou%20899%20DH/mois%20pour%2010%20vid%C3%A9os.%0AJe%20peux%20vous%20en%20dire%20plus%20%3F,mauresqueimmobilier2014@gmail.com,,inconnu,"Bonjour Immobilier Mauresque 👋
Je suis Julien, fondateur d'ImmoClap (Marrakech). On transforme les photos de vos biens en vidéo cinématique pour Instagram, TikTok et les portails, en quelques minutes, avec votre logo.
Vos annonces pourraient avoir une vidéo en plus des photos, sans tournage.
Exemple : https://immoclap.netlify.app/?v=wa-ma
Offre de lancement : -30 % sur la 1re vidéo (104 DH au lieu de 149). Ou 899 DH/mois pour 10 vidéos.
Je peux vous en dire plus ?",,,à envoyer
Holding Immo,Marrakech,"Guéliz (Imm. Jakar, 55 Bd Mohamed V)",+212662311787,https://wa.me/212662311787?text=Bonjour%20Holding%20Immo%20%F0%9F%91%8B%0AJe%20suis%20Julien%2C%20fondateur%20d%27ImmoClap%20%28Marrakech%29.%20On%20transforme%20les%20photos%20de%20vos%20biens%20en%20vid%C3%A9o%20cin%C3%A9matique%20pour%20Instagram%2C%20TikTok%20et%20les%20portails%2C%20en%20quelques%20minutes%2C%20avec%20votre%20logo.%0AVos%20annonces%20pourraient%20avoir%20une%20vid%C3%A9o%20en%20plus%20des%20photos%2C%20sans%20tournage.%0AExemple%20%3A%20https%3A//immoclap.netlify.app/%3Fv%3Dwa-ma%0AOffre%20de%20lancement%20%3A%20-30%20%25%20sur%20la%201re%20vid%C3%A9o%20%28104%20DH%20au%20lieu%20de%20149%29.%20Ou%20899%20DH/mois%20pour%2010%20vid%C3%A9os.%0AJe%20peux%20vous%20en%20dire%20plus%20%3F,contact@holdingimmo.com,https://www.instagram.com/holdingimmo/,inconnu,"Bonjour Holding Immo 👋
Je suis Julien, fondateur d'ImmoClap (Marrakech). On transforme les photos de vos biens en vidéo cinématique pour Instagram, TikTok et les portails, en quelques minutes, avec votre logo.
Vos annonces pourraient avoir une vidéo en plus des photos, sans tournage.
Exemple : https://immoclap.netlify.app/?v=wa-ma
Offre de lancement : -30 % sur la 1re vidéo (104 DH au lieu de 149). Ou 899 DH/mois pour 10 vidéos.
Je peux vous en dire plus ?",,,à envoyer
KNA Immobilier,Marrakech,"Hivernage (résidence Hivernage Garden, rue Camille Cabana)",+212694200600,https://wa.me/212694200600?text=Bonjour%20KNA%20Immobilier%20%F0%9F%91%8B%0AJe%20suis%20Julien%2C%20fondateur%20d%27ImmoClap%20%28Marrakech%29.%20On%20transforme%20les%20photos%20de%20vos%20biens%20en%20vid%C3%A9o%20cin%C3%A9matique%20pour%20Instagram%2C%20TikTok%20et%20les%20portails%2C%20en%20quelques%20minutes%2C%20avec%20votre%20logo.%0AJe%20vois%20que%20vous%20publiez%20d%C3%A9j%C3%A0%20des%20vid%C3%A9os%20%3A%20ImmoClap%20vous%20%C3%A9vite%20le%20tournage%20et%20le%20montage.%0AExemple%20%3A%20https%3A//immoclap.netlify.app/%3Fv%3Dwa-ma%0AOffre%20de%20lancement%20%3A%20-30%20%25%20sur%20la%201re%20vid%C3%A9o%20%28104%20DH%20au%20lieu%20de%20149%29.%20Ou%20899%20DH/mois%20pour%2010%20vid%C3%A9os.%0AJe%20peux%20vous%20en%20dire%20plus%20%3F,hind@kna.ma ; karim@kna.ma ; nadia@kna.ma,https://www.instagram.com/kna.immobilier.marrakech/,oui,"Bonjour KNA Immobilier 👋
Je suis Julien, fondateur d'ImmoClap (Marrakech). On transforme les photos de vos biens en vidéo cinématique pour Instagram, TikTok et les portails, en quelques minutes, avec votre logo.
Je vois que vous publiez déjà des vidéos : ImmoClap vous évite le tournage et le montage.
Exemple : https://immoclap.netlify.app/?v=wa-ma
Offre de lancement : -30 % sur la 1re vidéo (104 DH au lieu de 149). Ou 899 DH/mois pour 10 vidéos.
Je peux vous en dire plus ?",,,à envoyer
LA Agency (LA Maroc Agency),Marrakech,"Guéliz (centre d'affaires Ibn Nafisa, rue Ibn Aïcha)",+212662634726,https://wa.me/212662634726?text=Bonjour%20LA%20Agency%20%28LA%20Maroc%20Agency%29%20%F0%9F%91%8B%0AJe%20suis%20Julien%2C%20fondateur%20d%27ImmoClap%20%28Marrakech%29.%20On%20transforme%20les%20photos%20de%20vos%20biens%20en%20vid%C3%A9o%20cin%C3%A9matique%20pour%20Instagram%2C%20TikTok%20et%20les%20portails%2C%20en%20quelques%20minutes%2C%20avec%20votre%20logo.%0AJe%20vois%20que%20vous%20publiez%20d%C3%A9j%C3%A0%20des%20vid%C3%A9os%20%3A%20ImmoClap%20vous%20%C3%A9vite%20le%20tournage%20et%20le%20montage.%0AExemple%20%3A%20https%3A//immoclap.netlify.app/%3Fv%3Dwa-ma%0AOffre%20de%20lancement%20%3A%20-30%20%25%20sur%20la%201re%20vid%C3%A9o%20%28104%20DH%20au%20lieu%20de%20149%29.%20Ou%20899%20DH/mois%20pour%2010%20vid%C3%A9os.%0AJe%20peux%20vous%20en%20dire%20plus%20%3F,,https://www.instagram.com/la.agency.capital/,oui,"Bonjour LA Agency (LA Maroc Agency) 👋
Je suis Julien, fondateur d'ImmoClap (Marrakech). On transforme les photos de vos biens en vidéo cinématique pour Instagram, TikTok et les portails, en quelques minutes, avec votre logo.
Je vois que vous publiez déjà des vidéos : ImmoClap vous évite le tournage et le montage.
Exemple : https://immoclap.netlify.app/?v=wa-ma
Offre de lancement : -30 % sur la 1re vidéo (104 DH au lieu de 149). Ou 899 DH/mois pour 10 vidéos.
Je peux vous en dire plus ?",,,à envoyer
Le Comptoir de l'Immobilier,Marrakech,"Guéliz (Imm. Dany, rue de la Liberté)",+212661641986,https://wa.me/212661641986?text=Bonjour%20Le%20Comptoir%20de%20l%27Immobilier%20%F0%9F%91%8B%0AJe%20suis%20Julien%2C%20fondateur%20d%27ImmoClap%20%28Marrakech%29.%20On%20transforme%20les%20photos%20de%20vos%20biens%20en%20vid%C3%A9o%20cin%C3%A9matique%20pour%20Instagram%2C%20TikTok%20et%20les%20portails%2C%20en%20quelques%20minutes%2C%20avec%20votre%20logo.%0AJe%20vois%20que%20vous%20publiez%20d%C3%A9j%C3%A0%20des%20vid%C3%A9os%20%3A%20ImmoClap%20vous%20%C3%A9vite%20le%20tournage%20et%20le%20montage.%0AExemple%20%3A%20https%3A//immoclap.netlify.app/%3Fv%3Dwa-ma%0AOffre%20de%20lancement%20%3A%20-30%20%25%20sur%20la%201re%20vid%C3%A9o%20%28104%20DH%20au%20lieu%20de%20149%29.%20Ou%20899%20DH/mois%20pour%2010%20vid%C3%A9os.%0AJe%20peux%20vous%20en%20dire%20plus%20%3F,contact@lcimaroc.com,,oui,"Bonjour Le Comptoir de l'Immobilier 👋
Je suis Julien, fondateur d'ImmoClap (Marrakech). On transforme les photos de vos biens en vidéo cinématique pour Instagram, TikTok et les portails, en quelques minutes, avec votre logo.
Je vois que vous publiez déjà des vidéos : ImmoClap vous évite le tournage et le montage.
Exemple : https://immoclap.netlify.app/?v=wa-ma
Offre de lancement : -30 % sur la 1re vidéo (104 DH au lieu de 149). Ou 899 DH/mois pour 10 vidéos.
Je peux vous en dire plus ?",,,à envoyer
BARNES Marrakech,Marrakech,Guéliz (234 av. Mohammed V),+212669290290,https://wa.me/212669290290?text=Bonjour%20BARNES%20Marrakech%20%F0%9F%91%8B%0AJe%20suis%20Julien%2C%20fondateur%20d%27ImmoClap%20%28Marrakech%29.%20On%20transforme%20les%20photos%20de%20vos%20biens%20en%20vid%C3%A9o%20cin%C3%A9matique%20pour%20Instagram%2C%20TikTok%20et%20les%20portails%2C%20en%20quelques%20minutes%2C%20avec%20votre%20logo.%0AJe%20vois%20que%20vous%20publiez%20d%C3%A9j%C3%A0%20des%20vid%C3%A9os%20%3A%20ImmoClap%20vous%20%C3%A9vite%20le%20tournage%20et%20le%20montage.%0AExemple%20%3A%20https%3A//immoclap.netlify.app/%3Fv%3Dwa-ma%0AOffre%20de%20lancement%20%3A%20-30%20%25%20sur%20la%201re%20vid%C3%A9o%20%28104%20DH%20au%20lieu%20de%20149%29.%20Ou%20899%20DH/mois%20pour%2010%20vid%C3%A9os.%0AJe%20peux%20vous%20en%20dire%20plus%20%3F,contact@barnes-marrakech.com,https://www.instagram.com/barnes_marrakech/,oui,"Bonjour BARNES Marrakech 👋
Je suis Julien, fondateur d'ImmoClap (Marrakech). On transforme les photos de vos biens en vidéo cinématique pour Instagram, TikTok et les portails, en quelques minutes, avec votre logo.
Je vois que vous publiez déjà des vidéos : ImmoClap vous évite le tournage et le montage.
Exemple : https://immoclap.netlify.app/?v=wa-ma
Offre de lancement : -30 % sur la 1re vidéo (104 DH au lieu de 149). Ou 899 DH/mois pour 10 vidéos.
Je peux vous en dire plus ?",,,à envoyer
Villa Premium,Marrakech,Camp Mangin (résidence Farah),+212659593349,https://wa.me/212659593349?text=Bonjour%20Villa%20Premium%20%F0%9F%91%8B%0AJe%20suis%20Julien%2C%20fondateur%20d%27ImmoClap%20%28Marrakech%29.%20On%20transforme%20les%20photos%20de%20vos%20biens%20en%20vid%C3%A9o%20cin%C3%A9matique%20pour%20Instagram%2C%20TikTok%20et%20les%20portails%2C%20en%20quelques%20minutes%2C%20avec%20votre%20logo.%0AJe%20vois%20que%20vous%20publiez%20d%C3%A9j%C3%A0%20des%20vid%C3%A9os%20%3A%20ImmoClap%20vous%20%C3%A9vite%20le%20tournage%20et%20le%20montage.%0AExemple%20%3A%20https%3A//immoclap.netlify.app/%3Fv%3Dwa-ma%0AOffre%20de%20lancement%20%3A%20-30%20%25%20sur%20la%201re%20vid%C3%A9o%20%28104%20DH%20au%20lieu%20de%20149%29.%20Ou%20899%20DH/mois%20pour%2010%20vid%C3%A9os.%0AJe%20peux%20vous%20en%20dire%20plus%20%3F,contact@villapremium.fr,,oui,"Bonjour Villa Premium 👋
Je suis Julien, fondateur d'ImmoClap (Marrakech). On transforme les photos de vos biens en vidéo cinématique pour Instagram, TikTok et les portails, en quelques minutes, avec votre logo.
Je vois que vous publiez déjà des vidéos : ImmoClap vous évite le tournage et le montage.
Exemple : https://immoclap.netlify.app/?v=wa-ma
Offre de lancement : -30 % sur la 1re vidéo (104 DH au lieu de 149). Ou 899 DH/mois pour 10 vidéos.
Je peux vous en dire plus ?",,,à envoyer
Adopteunbien,Marrakech,Guéliz (223 av. Mohammed V),+212701232104,https://wa.me/212701232104?text=Bonjour%20Adopteunbien%20%F0%9F%91%8B%0AJe%20suis%20Julien%2C%20fondateur%20d%27ImmoClap%20%28Marrakech%29.%20On%20transforme%20les%20photos%20de%20vos%20biens%20en%20vid%C3%A9o%20cin%C3%A9matique%20pour%20Instagram%2C%20TikTok%20et%20les%20portails%2C%20en%20quelques%20minutes%2C%20avec%20votre%20logo.%0AJe%20vois%20que%20vous%20publiez%20d%C3%A9j%C3%A0%20des%20vid%C3%A9os%20%3A%20ImmoClap%20vous%20%C3%A9vite%20le%20tournage%20et%20le%20montage.%0AExemple%20%3A%20https%3A//immoclap.netlify.app/%3Fv%3Dwa-ma%0AOffre%20de%20lancement%20%3A%20-30%20%25%20sur%20la%201re%20vid%C3%A9o%20%28104%20DH%20au%20lieu%20de%20149%29.%20Ou%20899%20DH/mois%20pour%2010%20vid%C3%A9os.%0AJe%20peux%20vous%20en%20dire%20plus%20%3F,contact@adopteunbienmaroc.com,https://www.instagram.com/adopteunbien_immo/,oui,"Bonjour Adopteunbien 👋
Je suis Julien, fondateur d'ImmoClap (Marrakech). On transforme les photos de vos biens en vidéo cinématique pour Instagram, TikTok et les portails, en quelques minutes, avec votre logo.
Je vois que vous publiez déjà des vidéos : ImmoClap vous évite le tournage et le montage.
Exemple : https://immoclap.netlify.app/?v=wa-ma
Offre de lancement : -30 % sur la 1re vidéo (104 DH au lieu de 149). Ou 899 DH/mois pour 10 vidéos.
Je peux vous en dire plus ?",,,à envoyer
Marrakech Global Invest,Marrakech,Hivernage (Imm. Adrar 2),+212603870858,https://wa.me/212603870858?text=Bonjour%20Marrakech%20Global%20Invest%20%F0%9F%91%8B%0AJe%20suis%20Julien%2C%20fondateur%20d%27ImmoClap%20%28Marrakech%29.%20On%20transforme%20les%20photos%20de%20vos%20biens%20en%20vid%C3%A9o%20cin%C3%A9matique%20pour%20Instagram%2C%20TikTok%20et%20les%20portails%2C%20en%20quelques%20minutes%2C%20avec%20votre%20logo.%0AJe%20vois%20que%20vous%20publiez%20d%C3%A9j%C3%A0%20des%20vid%C3%A9os%20%3A%20ImmoClap%20vous%20%C3%A9vite%20le%20tournage%20et%20le%20montage.%0AExemple%20%3A%20https%3A//immoclap.netlify.app/%3Fv%3Dwa-ma%0AOffre%20de%20lancement%20%3A%20-30%20%25%20sur%20la%201re%20vid%C3%A9o%20%28104%20DH%20au%20lieu%20de%20149%29.%20Ou%20899%20DH/mois%20pour%2010%20vid%C3%A9os.%0AJe%20peux%20vous%20en%20dire%20plus%20%3F,contact@marrakech-globalinvest.com,https://www.instagram.com/marrakech.globalinvest/,oui,"Bonjour Marrakech Global Invest 👋
Je suis Julien, fondateur d'ImmoClap (Marrakech). On transforme les photos de vos biens en vidéo cinématique pour Instagram, TikTok et les portails, en quelques minutes, avec votre logo.
Je vois que vous publiez déjà des vidéos : ImmoClap vous évite le tournage et le montage.
Exemple : https://immoclap.netlify.app/?v=wa-ma
Offre de lancement : -30 % sur la 1re vidéo (104 DH au lieu de 149). Ou 899 DH/mois pour 10 vidéos.
Je peux vous en dire plus ?",,,à envoyer
FJ Morocco Agency,Marrakech,"Guéliz (centre d'affaires Al Majid, 24 av. Mohammed V)",+212666623918,https://wa.me/212666623918?text=Bonjour%20FJ%20Morocco%20Agency%20%F0%9F%91%8B%0AJe%20suis%20Julien%2C%20fondateur%20d%27ImmoClap%20%28Marrakech%29.%20On%20transforme%20les%20photos%20de%20vos%20biens%20en%20vid%C3%A9o%20cin%C3%A9matique%20pour%20Instagram%2C%20TikTok%20et%20les%20portails%2C%20en%20quelques%20minutes%2C%20avec%20votre%20logo.%0AJe%20vois%20que%20vous%20publiez%20d%C3%A9j%C3%A0%20des%20vid%C3%A9os%20%3A%20ImmoClap%20vous%20%C3%A9vite%20le%20tournage%20et%20le%20montage.%0AExemple%20%3A%20https%3A//immoclap.netlify.app/%3Fv%3Dwa-ma%0AOffre%20de%20lancement%20%3A%20-30%20%25%20sur%20la%201re%20vid%C3%A9o%20%28104%20DH%20au%20lieu%20de%20149%29.%20Ou%20899%20DH/mois%20pour%2010%20vid%C3%A9os.%0AJe%20peux%20vous%20en%20dire%20plus%20%3F,,https://www.instagram.com/fjmoroccoagency_/,oui,"Bonjour FJ Morocco Agency 👋
Je suis Julien, fondateur d'ImmoClap (Marrakech). On transforme les photos de vos biens en vidéo cinématique pour Instagram, TikTok et les portails, en quelques minutes, avec votre logo.
Je vois que vous publiez déjà des vidéos : ImmoClap vous évite le tournage et le montage.
Exemple : https://immoclap.netlify.app/?v=wa-ma
Offre de lancement : -30 % sur la 1re vidéo (104 DH au lieu de 149). Ou 899 DH/mois pour 10 vidéos.
Je peux vous en dire plus ?",,,à envoyer
BKS Immobilier,Marrakech,"Guéliz (centre d'affaires Elite, 212 av. Mohammed V)",+212663563747,https://wa.me/212663563747?text=Bonjour%20BKS%20Immobilier%20%F0%9F%91%8B%0AJe%20suis%20Julien%2C%20fondateur%20d%27ImmoClap%20%28Marrakech%29.%20On%20transforme%20les%20photos%20de%20vos%20biens%20en%20vid%C3%A9o%20cin%C3%A9matique%20pour%20Instagram%2C%20TikTok%20et%20les%20portails%2C%20en%20quelques%20minutes%2C%20avec%20votre%20logo.%0AJe%20vois%20que%20vous%20publiez%20d%C3%A9j%C3%A0%20des%20vid%C3%A9os%20%3A%20ImmoClap%20vous%20%C3%A9vite%20le%20tournage%20et%20le%20montage.%0AExemple%20%3A%20https%3A//immoclap.netlify.app/%3Fv%3Dwa-ma%0AOffre%20de%20lancement%20%3A%20-30%20%25%20sur%20la%201re%20vid%C3%A9o%20%28104%20DH%20au%20lieu%20de%20149%29.%20Ou%20899%20DH/mois%20pour%2010%20vid%C3%A9os.%0AJe%20peux%20vous%20en%20dire%20plus%20%3F,contact@bks-immobilier.com,https://www.instagram.com/bksimmobilier/,oui,"Bonjour BKS Immobilier 👋
Je suis Julien, fondateur d'ImmoClap (Marrakech). On transforme les photos de vos biens en vidéo cinématique pour Instagram, TikTok et les portails, en quelques minutes, avec votre logo.
Je vois que vous publiez déjà des vidéos : ImmoClap vous évite le tournage et le montage.
Exemple : https://immoclap.netlify.app/?v=wa-ma
Offre de lancement : -30 % sur la 1re vidéo (104 DH au lieu de 149). Ou 899 DH/mois pour 10 vidéos.
Je peux vous en dire plus ?",,,à envoyer
ZK Agency,Marrakech,"Guéliz (centre d'affaires Eden Parc, 5 rue Sourya)",+212670239494,https://wa.me/212670239494?text=Bonjour%20ZK%20Agency%20%F0%9F%91%8B%0AJe%20suis%20Julien%2C%20fondateur%20d%27ImmoClap%20%28Marrakech%29.%20On%20transforme%20les%20photos%20de%20vos%20biens%20en%20vid%C3%A9o%20cin%C3%A9matique%20pour%20Instagram%2C%20TikTok%20et%20les%20portails%2C%20en%20quelques%20minutes%2C%20avec%20votre%20logo.%0AVos%20annonces%20pourraient%20avoir%20une%20vid%C3%A9o%20en%20plus%20des%20photos%2C%20sans%20tournage.%0AExemple%20%3A%20https%3A//immoclap.netlify.app/%3Fv%3Dwa-ma%0AOffre%20de%20lancement%20%3A%20-30%20%25%20sur%20la%201re%20vid%C3%A9o%20%28104%20DH%20au%20lieu%20de%20149%29.%20Ou%20899%20DH/mois%20pour%2010%20vid%C3%A9os.%0AJe%20peux%20vous%20en%20dire%20plus%20%3F,,https://www.instagram.com/zk_agency__immo_marrakech/,inconnu,"Bonjour ZK Agency 👋
Je suis Julien, fondateur d'ImmoClap (Marrakech). On transforme les photos de vos biens en vidéo cinématique pour Instagram, TikTok et les portails, en quelques minutes, avec votre logo.
Vos annonces pourraient avoir une vidéo en plus des photos, sans tournage.
Exemple : https://immoclap.netlify.app/?v=wa-ma
Offre de lancement : -30 % sur la 1re vidéo (104 DH au lieu de 149). Ou 899 DH/mois pour 10 vidéos.
Je peux vous en dire plus ?",,,à envoyer
Marrakech Luxury Properties,Marrakech,"Guéliz (City Bureaux, 60 av. Mohammed V)",+212661949911,https://wa.me/212661949911?text=Bonjour%20Marrakech%20Luxury%20Properties%20%F0%9F%91%8B%0AJe%20suis%20Julien%2C%20fondateur%20d%27ImmoClap%20%28Marrakech%29.%20On%20transforme%20les%20photos%20de%20vos%20biens%20en%20vid%C3%A9o%20cin%C3%A9matique%20pour%20Instagram%2C%20TikTok%20et%20les%20portails%2C%20en%20quelques%20minutes%2C%20avec%20votre%20logo.%0AJe%20vois%20que%20vous%20publiez%20d%C3%A9j%C3%A0%20des%20vid%C3%A9os%20%3A%20ImmoClap%20vous%20%C3%A9vite%20le%20tournage%20et%20le%20montage.%0AExemple%20%3A%20https%3A//immoclap.netlify.app/%3Fv%3Dwa-ma%0AOffre%20de%20lancement%20%3A%20-30%20%25%20sur%20la%201re%20vid%C3%A9o%20%28104%20DH%20au%20lieu%20de%20149%29.%20Ou%20899%20DH/mois%20pour%2010%20vid%C3%A9os.%0AJe%20peux%20vous%20en%20dire%20plus%20%3F,immobilierprestigemarrakech@gmail.com,https://www.instagram.com/marrakech.luxury.properties/,oui,"Bonjour Marrakech Luxury Properties 👋
Je suis Julien, fondateur d'ImmoClap (Marrakech). On transforme les photos de vos biens en vidéo cinématique pour Instagram, TikTok et les portails, en quelques minutes, avec votre logo.
Je vois que vous publiez déjà des vidéos : ImmoClap vous évite le tournage et le montage.
Exemple : https://immoclap.netlify.app/?v=wa-ma
Offre de lancement : -30 % sur la 1re vidéo (104 DH au lieu de 149). Ou 899 DH/mois pour 10 vidéos.
Je peux vous en dire plus ?",,,à envoyer
Real Dream House,Marrakech,,+212773363174,https://wa.me/212773363174?text=Bonjour%20Real%20Dream%20House%20%F0%9F%91%8B%0AJe%20suis%20Julien%2C%20fondateur%20d%27ImmoClap%20%28Marrakech%29.%20On%20transforme%20les%20photos%20de%20vos%20biens%20en%20vid%C3%A9o%20cin%C3%A9matique%20pour%20Instagram%2C%20TikTok%20et%20les%20portails%2C%20en%20quelques%20minutes%2C%20avec%20votre%20logo.%0AJe%20vois%20que%20vous%20publiez%20d%C3%A9j%C3%A0%20des%20vid%C3%A9os%20%3A%20ImmoClap%20vous%20%C3%A9vite%20le%20tournage%20et%20le%20montage.%0AExemple%20%3A%20https%3A//immoclap.netlify.app/%3Fv%3Dwa-ma%0AOffre%20de%20lancement%20%3A%20-30%20%25%20sur%20la%201re%20vid%C3%A9o%20%28104%20DH%20au%20lieu%20de%20149%29.%20Ou%20899%20DH/mois%20pour%2010%20vid%C3%A9os.%0AJe%20peux%20vous%20en%20dire%20plus%20%3F,info@real-dreamhouse.com,https://www.instagram.com/real.dreamhouse/,oui,"Bonjour Real Dream House 👋
Je suis Julien, fondateur d'ImmoClap (Marrakech). On transforme les photos de vos biens en vidéo cinématique pour Instagram, TikTok et les portails, en quelques minutes, avec votre logo.
Je vois que vous publiez déjà des vidéos : ImmoClap vous évite le tournage et le montage.
Exemple : https://immoclap.netlify.app/?v=wa-ma
Offre de lancement : -30 % sur la 1re vidéo (104 DH au lieu de 149). Ou 899 DH/mois pour 10 vidéos.
Je peux vous en dire plus ?",,,à envoyer
Chic Marrakech,Marrakech,,,,info@chic-marrakech.com,,inconnu,"Bonjour Chic Marrakech 👋
Je suis Julien, fondateur d'ImmoClap (Marrakech). On transforme les photos de vos biens en vidéo cinématique pour Instagram, TikTok et les portails, en quelques minutes, avec votre logo.
Vos annonces pourraient avoir une vidéo en plus des photos, sans tournage.
Exemple : https://immoclap.netlify.app/?v=wa-ma
Offre de lancement : -30 % sur la 1re vidéo (104 DH au lieu de 149). Ou 899 DH/mois pour 10 vidéos.
Je peux vous en dire plus ?",,,pas de mobile → e-mail/DM
Luxury Estate Marrakech,Marrakech,,+212661157152,https://wa.me/212661157152?text=Bonjour%20Luxury%20Estate%20Marrakech%20%F0%9F%91%8B%0AJe%20suis%20Julien%2C%20fondateur%20d%27ImmoClap%20%28Marrakech%29.%20On%20transforme%20les%20photos%20de%20vos%20biens%20en%20vid%C3%A9o%20cin%C3%A9matique%20pour%20Instagram%2C%20TikTok%20et%20les%20portails%2C%20en%20quelques%20minutes%2C%20avec%20votre%20logo.%0AVos%20annonces%20pourraient%20avoir%20une%20vid%C3%A9o%20en%20plus%20des%20photos%2C%20sans%20tournage.%0AExemple%20%3A%20https%3A//immoclap.netlify.app/%3Fv%3Dwa-ma%0AOffre%20de%20lancement%20%3A%20-30%20%25%20sur%20la%201re%20vid%C3%A9o%20%28104%20DH%20au%20lieu%20de%20149%29.%20Ou%20899%20DH/mois%20pour%2010%20vid%C3%A9os.%0AJe%20peux%20vous%20en%20dire%20plus%20%3F,luxuryestatemarrakech@gmail.com,,inconnu,"Bonjour Luxury Estate Marrakech 👋
Je suis Julien, fondateur d'ImmoClap (Marrakech). On transforme les photos de vos biens en vidéo cinématique pour Instagram, TikTok et les portails, en quelques minutes, avec votre logo.
Vos annonces pourraient avoir une vidéo en plus des photos, sans tournage.
Exemple : https://immoclap.netlify.app/?v=wa-ma
Offre de lancement : -30 % sur la 1re vidéo (104 DH au lieu de 149). Ou 899 DH/mois pour 10 vidéos.
Je peux vous en dire plus ?",,,à envoyer
Luxe & Prestige Real Estate by Daphné,Marrakech,Guéliz (34 rue Hassania),+212652309701,https://wa.me/212652309701?text=Bonjour%20Luxe%20%26%20Prestige%20Real%20Estate%20by%20Daphn%C3%A9%20%F0%9F%91%8B%0AJe%20suis%20Julien%2C%20fondateur%20d%27ImmoClap%20%28Marrakech%29.%20On%20transforme%20les%20photos%20de%20vos%20biens%20en%20vid%C3%A9o%20cin%C3%A9matique%20pour%20Instagram%2C%20TikTok%20et%20les%20portails%2C%20en%20quelques%20minutes%2C%20avec%20votre%20logo.%0AJe%20vois%20que%20vous%20publiez%20d%C3%A9j%C3%A0%20des%20vid%C3%A9os%20%3A%20ImmoClap%20vous%20%C3%A9vite%20le%20tournage%20et%20le%20montage.%0AExemple%20%3A%20https%3A//immoclap.netlify.app/%3Fv%3Dwa-ma%0AOffre%20de%20lancement%20%3A%20-30%20%25%20sur%20la%201re%20vid%C3%A9o%20%28104%20DH%20au%20lieu%20de%20149%29.%20Ou%20899%20DH/mois%20pour%2010%20vid%C3%A9os.%0AJe%20peux%20vous%20en%20dire%20plus%20%3F,contact@luxe-prestige-marrakech.com,https://www.instagram.com/luxe_prestige_marrakech/,oui,"Bonjour Luxe & Prestige Real Estate by Daphné 👋
Je suis Julien, fondateur d'ImmoClap (Marrakech). On transforme les photos de vos biens en vidéo cinématique pour Instagram, TikTok et les portails, en quelques minutes, avec votre logo.
Je vois que vous publiez déjà des vidéos : ImmoClap vous évite le tournage et le montage.
Exemple : https://immoclap.netlify.app/?v=wa-ma
Offre de lancement : -30 % sur la 1re vidéo (104 DH au lieu de 149). Ou 899 DH/mois pour 10 vidéos.
Je peux vous en dire plus ?",,,à envoyer
Van Acker Immobilier,Marrakech,Palmeraie (circuit de la Palmeraie),+212777307217,https://wa.me/212777307217?text=Bonjour%20Van%20Acker%20Immobilier%20%F0%9F%91%8B%0AJe%20suis%20Julien%2C%20fondateur%20d%27ImmoClap%20%28Marrakech%29.%20On%20transforme%20les%20photos%20de%20vos%20biens%20en%20vid%C3%A9o%20cin%C3%A9matique%20pour%20Instagram%2C%20TikTok%20et%20les%20portails%2C%20en%20quelques%20minutes%2C%20avec%20votre%20logo.%0AJe%20vois%20que%20vous%20publiez%20d%C3%A9j%C3%A0%20des%20vid%C3%A9os%20%3A%20ImmoClap%20vous%20%C3%A9vite%20le%20tournage%20et%20le%20montage.%0AExemple%20%3A%20https%3A//immoclap.netlify.app/%3Fv%3Dwa-ma%0AOffre%20de%20lancement%20%3A%20-30%20%25%20sur%20la%201re%20vid%C3%A9o%20%28104%20DH%20au%20lieu%20de%20149%29.%20Ou%20899%20DH/mois%20pour%2010%20vid%C3%A9os.%0AJe%20peux%20vous%20en%20dire%20plus%20%3F,michael@vanackerimmobilier.com,,oui,"Bonjour Van Acker Immobilier 👋
Je suis Julien, fondateur d'ImmoClap (Marrakech). On transforme les photos de vos biens en vidéo cinématique pour Instagram, TikTok et les portails, en quelques minutes, avec votre logo.
Je vois que vous publiez déjà des vidéos : ImmoClap vous évite le tournage et le montage.
Exemple : https://immoclap.netlify.app/?v=wa-ma
Offre de lancement : -30 % sur la 1re vidéo (104 DH au lieu de 149). Ou 899 DH/mois pour 10 vidéos.
Je peux vous en dire plus ?",,,à envoyer
Valeurs Sûres Agadir,Agadir,Centre-ville (av. des FAR),,,contact@valeurssuresagadir.net,https://www.instagram.com/valeurs_sures_agadir/,non,"Bonjour Valeurs Sûres Agadir 👋
Je suis Julien, fondateur d'ImmoClap (Marrakech). On transforme les photos de vos biens en vidéo cinématique pour Instagram, TikTok et les portails, en quelques minutes, avec votre logo.
Vos annonces pourraient avoir une vidéo en plus des photos, sans tournage.
Exemple : https://immoclap.netlify.app/?v=wa-ma
Offre de lancement : -30 % sur la 1re vidéo (104 DH au lieu de 149). Ou 899 DH/mois pour 10 vidéos.
Je peux vous en dire plus ?",,,pas de mobile → e-mail/DM
Jibril Immo,Agadir,Av. Général Kettani (Imm. Sud Bahia),+212707771368,https://wa.me/212707771368?text=Bonjour%20Jibril%20Immo%20%F0%9F%91%8B%0AJe%20suis%20Julien%2C%20fondateur%20d%27ImmoClap%20%28Marrakech%29.%20On%20transforme%20les%20photos%20de%20vos%20biens%20en%20vid%C3%A9o%20cin%C3%A9matique%20pour%20Instagram%2C%20TikTok%20et%20les%20portails%2C%20en%20quelques%20minutes%2C%20avec%20votre%20logo.%0AVos%20annonces%20pourraient%20avoir%20une%20vid%C3%A9o%20en%20plus%20des%20photos%2C%20sans%20tournage.%0AExemple%20%3A%20https%3A//immoclap.netlify.app/%3Fv%3Dwa-ma%0AOffre%20de%20lancement%20%3A%20-30%20%25%20sur%20la%201re%20vid%C3%A9o%20%28104%20DH%20au%20lieu%20de%20149%29.%20Ou%20899%20DH/mois%20pour%2010%20vid%C3%A9os.%0AJe%20peux%20vous%20en%20dire%20plus%20%3F,contact@jibril.immo,,inconnu,"Bonjour Jibril Immo 👋
Je suis Julien, fondateur d'ImmoClap (Marrakech). On transforme les photos de vos biens en vidéo cinématique pour Instagram, TikTok et les portails, en quelques minutes, avec votre logo.
Vos annonces pourraient avoir une vidéo en plus des photos, sans tournage.
Exemple : https://immoclap.netlify.app/?v=wa-ma
Offre de lancement : -30 % sur la 1re vidéo (104 DH au lieu de 149). Ou 899 DH/mois pour 10 vidéos.
Je peux vous en dire plus ?",,,à envoyer
Agadir Immo Plus,Agadir,Talborjt (n°10 Nait Taleb),+212661215256,https://wa.me/212661215256?text=Bonjour%20Agadir%20Immo%20Plus%20%F0%9F%91%8B%0AJe%20suis%20Julien%2C%20fondateur%20d%27ImmoClap%20%28Marrakech%29.%20On%20transforme%20les%20photos%20de%20vos%20biens%20en%20vid%C3%A9o%20cin%C3%A9matique%20pour%20Instagram%2C%20TikTok%20et%20les%20portails%2C%20en%20quelques%20minutes%2C%20avec%20votre%20logo.%0AVos%20annonces%20pourraient%20avoir%20une%20vid%C3%A9o%20en%20plus%20des%20photos%2C%20sans%20tournage.%0AExemple%20%3A%20https%3A//immoclap.netlify.app/%3Fv%3Dwa-ma%0AOffre%20de%20lancement%20%3A%20-30%20%25%20sur%20la%201re%20vid%C3%A9o%20%28104%20DH%20au%20lieu%20de%20149%29.%20Ou%20899%20DH/mois%20pour%2010%20vid%C3%A9os.%0AJe%20peux%20vous%20en%20dire%20plus%20%3F,,,inconnu,"Bonjour Agadir Immo Plus 👋
Je suis Julien, fondateur d'ImmoClap (Marrakech). On transforme les photos de vos biens en vidéo cinématique pour Instagram, TikTok et les portails, en quelques minutes, avec votre logo.
Vos annonces pourraient avoir une vidéo en plus des photos, sans tournage.
Exemple : https://immoclap.netlify.app/?v=wa-ma
Offre de lancement : -30 % sur la 1re vidéo (104 DH au lieu de 149). Ou 899 DH/mois pour 10 vidéos.
Je peux vous en dire plus ?",,,à envoyer
Bien Chez Vous Immobilier,Agadir,"Av. des FAR (El Menzah 3, magasin 22)",+212673165231,https://wa.me/212673165231?text=Bonjour%20Bien%20Chez%20Vous%20Immobilier%20%F0%9F%91%8B%0AJe%20suis%20Julien%2C%20fondateur%20d%27ImmoClap%20%28Marrakech%29.%20On%20transforme%20les%20photos%20de%20vos%20biens%20en%20vid%C3%A9o%20cin%C3%A9matique%20pour%20Instagram%2C%20TikTok%20et%20les%20portails%2C%20en%20quelques%20minutes%2C%20avec%20votre%20logo.%0AVos%20annonces%20pourraient%20avoir%20une%20vid%C3%A9o%20en%20plus%20des%20photos%2C%20sans%20tournage.%0AExemple%20%3A%20https%3A//immoclap.netlify.app/%3Fv%3Dwa-ma%0AOffre%20de%20lancement%20%3A%20-30%20%25%20sur%20la%201re%20vid%C3%A9o%20%28104%20DH%20au%20lieu%20de%20149%29.%20Ou%20899%20DH/mois%20pour%2010%20vid%C3%A9os.%0AJe%20peux%20vous%20en%20dire%20plus%20%3F,bienchezvous.immobilier@gmail.com,https://www.instagram.com/bienchezvous_/,inconnu,"Bonjour Bien Chez Vous Immobilier 👋
Je suis Julien, fondateur d'ImmoClap (Marrakech). On transforme les photos de vos biens en vidéo cinématique pour Instagram, TikTok et les portails, en quelques minutes, avec votre logo.
Vos annonces pourraient avoir une vidéo en plus des photos, sans tournage.
Exemple : https://immoclap.netlify.app/?v=wa-ma
Offre de lancement : -30 % sur la 1re vidéo (104 DH au lieu de 149). Ou 899 DH/mois pour 10 vidéos.
Je peux vous en dire plus ?",,,à envoyer
La Sélection d'Artur,Agadir,"Borj Dlalates (Imm. F, 4e étage)",+212776205455,https://wa.me/212776205455?text=Bonjour%20La%20S%C3%A9lection%20d%27Artur%20%F0%9F%91%8B%0AJe%20suis%20Julien%2C%20fondateur%20d%27ImmoClap%20%28Marrakech%29.%20On%20transforme%20les%20photos%20de%20vos%20biens%20en%20vid%C3%A9o%20cin%C3%A9matique%20pour%20Instagram%2C%20TikTok%20et%20les%20portails%2C%20en%20quelques%20minutes%2C%20avec%20votre%20logo.%0AJe%20vois%20que%20vous%20publiez%20d%C3%A9j%C3%A0%20des%20vid%C3%A9os%20%3A%20ImmoClap%20vous%20%C3%A9vite%20le%20tournage%20et%20le%20montage.%0AExemple%20%3A%20https%3A//immoclap.netlify.app/%3Fv%3Dwa-ma%0AOffre%20de%20lancement%20%3A%20-30%20%25%20sur%20la%201re%20vid%C3%A9o%20%28104%20DH%20au%20lieu%20de%20149%29.%20Ou%20899%20DH/mois%20pour%2010%20vid%C3%A9os.%0AJe%20peux%20vous%20en%20dire%20plus%20%3F,contact@laselectiondartur.ma,https://www.instagram.com/laselectiondartur/,oui,"Bonjour La Sélection d'Artur 👋
Je suis Julien, fondateur d'ImmoClap (Marrakech). On transforme les photos de vos biens en vidéo cinématique pour Instagram, TikTok et les portails, en quelques minutes, avec votre logo.
Je vois que vous publiez déjà des vidéos : ImmoClap vous évite le tournage et le montage.
Exemple : https://immoclap.netlify.app/?v=wa-ma
Offre de lancement : -30 % sur la 1re vidéo (104 DH au lieu de 149). Ou 899 DH/mois pour 10 vidéos.
Je peux vous en dire plus ?",,,à envoyer
Couximmo,Agadir,,+212674602018,https://wa.me/212674602018?text=Bonjour%20Couximmo%20%F0%9F%91%8B%0AJe%20suis%20Julien%2C%20fondateur%20d%27ImmoClap%20%28Marrakech%29.%20On%20transforme%20les%20photos%20de%20vos%20biens%20en%20vid%C3%A9o%20cin%C3%A9matique%20pour%20Instagram%2C%20TikTok%20et%20les%20portails%2C%20en%20quelques%20minutes%2C%20avec%20votre%20logo.%0AJe%20vois%20que%20vous%20publiez%20d%C3%A9j%C3%A0%20des%20vid%C3%A9os%20%3A%20ImmoClap%20vous%20%C3%A9vite%20le%20tournage%20et%20le%20montage.%0AExemple%20%3A%20https%3A//immoclap.netlify.app/%3Fv%3Dwa-ma%0AOffre%20de%20lancement%20%3A%20-30%20%25%20sur%20la%201re%20vid%C3%A9o%20%28104%20DH%20au%20lieu%20de%20149%29.%20Ou%20899%20DH/mois%20pour%2010%20vid%C3%A9os.%0AJe%20peux%20vous%20en%20dire%20plus%20%3F,info@immobilieragadir.com,https://www.instagram.com/couximmoagadir/,oui,"Bonjour Couximmo 👋
Je suis Julien, fondateur d'ImmoClap (Marrakech). On transforme les photos de vos biens en vidéo cinématique pour Instagram, TikTok et les portails, en quelques minutes, avec votre logo.
Je vois que vous publiez déjà des vidéos : ImmoClap vous évite le tournage et le montage.
Exemple : https://immoclap.netlify.app/?v=wa-ma
Offre de lancement : -30 % sur la 1re vidéo (104 DH au lieu de 149). Ou 899 DH/mois pour 10 vidéos.
Je peux vous en dire plus ?",,,à envoyer
Locaga (conciergerie et agence immobilière),Agadir,Agadir Bay (Technopole 2),+212696551474,https://wa.me/212696551474?text=Bonjour%20Locaga%20%28conciergerie%20et%20agence%20immobili%C3%A8re%29%20%F0%9F%91%8B%0AJe%20suis%20Julien%2C%20fondateur%20d%27ImmoClap%20%28Marrakech%29.%20On%20transforme%20les%20photos%20de%20vos%20biens%20en%20vid%C3%A9o%20cin%C3%A9matique%20pour%20Instagram%2C%20TikTok%20et%20les%20portails%2C%20en%20quelques%20minutes%2C%20avec%20votre%20logo.%0AJe%20vois%20que%20vous%20publiez%20d%C3%A9j%C3%A0%20des%20vid%C3%A9os%20%3A%20ImmoClap%20vous%20%C3%A9vite%20le%20tournage%20et%20le%20montage.%0AExemple%20%3A%20https%3A//immoclap.netlify.app/%3Fv%3Dwa-ma%0AOffre%20de%20lancement%20%3A%20-30%20%25%20sur%20la%201re%20vid%C3%A9o%20%28104%20DH%20au%20lieu%20de%20149%29.%20Ou%20899%20DH/mois%20pour%2010%20vid%C3%A9os.%0AJe%20peux%20vous%20en%20dire%20plus%20%3F,contact@locaga.com,https://www.instagram.com/conciergerie.locaga/,oui,"Bonjour Locaga (conciergerie et agence immobilière) 👋
Je suis Julien, fondateur d'ImmoClap (Marrakech). On transforme les photos de vos biens en vidéo cinématique pour Instagram, TikTok et les portails, en quelques minutes, avec votre logo.
Je vois que vous publiez déjà des vidéos : ImmoClap vous évite le tournage et le montage.
Exemple : https://immoclap.netlify.app/?v=wa-ma
Offre de lancement : -30 % sur la 1re vidéo (104 DH au lieu de 149). Ou 899 DH/mois pour 10 vidéos.
Je peux vous en dire plus ?",,,à envoyer
Imane Agency,Agadir,Imm. 130 (secteur Founty d'après la position Google Maps),,,,https://www.instagram.com/imaneagency/,oui,"Bonjour Imane Agency 👋
Je suis Julien, fondateur d'ImmoClap (Marrakech). On transforme les photos de vos biens en vidéo cinématique pour Instagram, TikTok et les portails, en quelques minutes, avec votre logo.
Je vois que vous publiez déjà des vidéos : ImmoClap vous évite le tournage et le montage.
Exemple : https://immoclap.netlify.app/?v=wa-ma
Offre de lancement : -30 % sur la 1re vidéo (104 DH au lieu de 149). Ou 899 DH/mois pour 10 vidéos.
Je peux vous en dire plus ?",,,pas de mobile → e-mail/DM
Konouz Immobilier,Agadir,"Av. Hassan II (Imm. Comim, bureau 111)",+212661214962,https://wa.me/212661214962?text=Bonjour%20Konouz%20Immobilier%20%F0%9F%91%8B%0AJe%20suis%20Julien%2C%20fondateur%20d%27ImmoClap%20%28Marrakech%29.%20On%20transforme%20les%20photos%20de%20vos%20biens%20en%20vid%C3%A9o%20cin%C3%A9matique%20pour%20Instagram%2C%20TikTok%20et%20les%20portails%2C%20en%20quelques%20minutes%2C%20avec%20votre%20logo.%0AVos%20annonces%20pourraient%20avoir%20une%20vid%C3%A9o%20en%20plus%20des%20photos%2C%20sans%20tournage.%0AExemple%20%3A%20https%3A//immoclap.netlify.app/%3Fv%3Dwa-ma%0AOffre%20de%20lancement%20%3A%20-30%20%25%20sur%20la%201re%20vid%C3%A9o%20%28104%20DH%20au%20lieu%20de%20149%29.%20Ou%20899%20DH/mois%20pour%2010%20vid%C3%A9os.%0AJe%20peux%20vous%20en%20dire%20plus%20%3F,konouzimmobilier.contact@gmail.com,https://www.instagram.com/groupe_konouz_immobilier/,inconnu,"Bonjour Konouz Immobilier 👋
Je suis Julien, fondateur d'ImmoClap (Marrakech). On transforme les photos de vos biens en vidéo cinématique pour Instagram, TikTok et les portails, en quelques minutes, avec votre logo.
Vos annonces pourraient avoir une vidéo en plus des photos, sans tournage.
Exemple : https://immoclap.netlify.app/?v=wa-ma
Offre de lancement : -30 % sur la 1re vidéo (104 DH au lieu de 149). Ou 899 DH/mois pour 10 vidéos.
Je peux vous en dire plus ?",,,à envoyer
Loger Immo Agadir,Agadir,Av. Hassan II (Imm. Oumlil),+212662234848,https://wa.me/212662234848?text=Bonjour%20Loger%20Immo%20Agadir%20%F0%9F%91%8B%0AJe%20suis%20Julien%2C%20fondateur%20d%27ImmoClap%20%28Marrakech%29.%20On%20transforme%20les%20photos%20de%20vos%20biens%20en%20vid%C3%A9o%20cin%C3%A9matique%20pour%20Instagram%2C%20TikTok%20et%20les%20portails%2C%20en%20quelques%20minutes%2C%20avec%20votre%20logo.%0AVos%20annonces%20pourraient%20avoir%20une%20vid%C3%A9o%20en%20plus%20des%20photos%2C%20sans%20tournage.%0AExemple%20%3A%20https%3A//immoclap.netlify.app/%3Fv%3Dwa-ma%0AOffre%20de%20lancement%20%3A%20-30%20%25%20sur%20la%201re%20vid%C3%A9o%20%28104%20DH%20au%20lieu%20de%20149%29.%20Ou%20899%20DH/mois%20pour%2010%20vid%C3%A9os.%0AJe%20peux%20vous%20en%20dire%20plus%20%3F,logerimmoagadir@gmail.com,,inconnu,"Bonjour Loger Immo Agadir 👋
Je suis Julien, fondateur d'ImmoClap (Marrakech). On transforme les photos de vos biens en vidéo cinématique pour Instagram, TikTok et les portails, en quelques minutes, avec votre logo.
Vos annonces pourraient avoir une vidéo en plus des photos, sans tournage.
Exemple : https://immoclap.netlify.app/?v=wa-ma
Offre de lancement : -30 % sur la 1re vidéo (104 DH au lieu de 149). Ou 899 DH/mois pour 10 vidéos.
Je peux vous en dire plus ?",,,à envoyer
Azilis Immobilier,Agadir,"Av. Hassan II (Imm. Onyx), ville nouvelle",+212668558436,https://wa.me/212668558436?text=Bonjour%20Azilis%20Immobilier%20%F0%9F%91%8B%0AJe%20suis%20Julien%2C%20fondateur%20d%27ImmoClap%20%28Marrakech%29.%20On%20transforme%20les%20photos%20de%20vos%20biens%20en%20vid%C3%A9o%20cin%C3%A9matique%20pour%20Instagram%2C%20TikTok%20et%20les%20portails%2C%20en%20quelques%20minutes%2C%20avec%20votre%20logo.%0AVos%20annonces%20pourraient%20avoir%20une%20vid%C3%A9o%20en%20plus%20des%20photos%2C%20sans%20tournage.%0AExemple%20%3A%20https%3A//immoclap.netlify.app/%3Fv%3Dwa-ma%0AOffre%20de%20lancement%20%3A%20-30%20%25%20sur%20la%201re%20vid%C3%A9o%20%28104%20DH%20au%20lieu%20de%20149%29.%20Ou%20899%20DH/mois%20pour%2010%20vid%C3%A9os.%0AJe%20peux%20vous%20en%20dire%20plus%20%3F,contact@azilis-immobilier.com,https://www.instagram.com/azilis.immobilier.agadir/,inconnu,"Bonjour Azilis Immobilier 👋
Je suis Julien, fondateur d'ImmoClap (Marrakech). On transforme les photos de vos biens en vidéo cinématique pour Instagram, TikTok et les portails, en quelques minutes, avec votre logo.
Vos annonces pourraient avoir une vidéo en plus des photos, sans tournage.
Exemple : https://immoclap.netlify.app/?v=wa-ma
Offre de lancement : -30 % sur la 1re vidéo (104 DH au lieu de 149). Ou 899 DH/mois pour 10 vidéos.
Je peux vous en dire plus ?",,,à envoyer
Happy Bay Immo,Agadir,,,,happybayimmo@gmail.com,,inconnu,"Bonjour Happy Bay Immo 👋
Je suis Julien, fondateur d'ImmoClap (Marrakech). On transforme les photos de vos biens en vidéo cinématique pour Instagram, TikTok et les portails, en quelques minutes, avec votre logo.
Vos annonces pourraient avoir une vidéo en plus des photos, sans tournage.
Exemple : https://immoclap.netlify.app/?v=wa-ma
Offre de lancement : -30 % sur la 1re vidéo (104 DH au lieu de 149). Ou 899 DH/mois pour 10 vidéos.
Je peux vous en dire plus ?",,,pas de mobile → e-mail/DM
ImmoStanding,Agadir,Les Jardins Kettani,+212654509209,https://wa.me/212654509209?text=Bonjour%20ImmoStanding%20%F0%9F%91%8B%0AJe%20suis%20Julien%2C%20fondateur%20d%27ImmoClap%20%28Marrakech%29.%20On%20transforme%20les%20photos%20de%20vos%20biens%20en%20vid%C3%A9o%20cin%C3%A9matique%20pour%20Instagram%2C%20TikTok%20et%20les%20portails%2C%20en%20quelques%20minutes%2C%20avec%20votre%20logo.%0AVos%20annonces%20pourraient%20avoir%20une%20vid%C3%A9o%20en%20plus%20des%20photos%2C%20sans%20tournage.%0AExemple%20%3A%20https%3A//immoclap.netlify.app/%3Fv%3Dwa-ma%0AOffre%20de%20lancement%20%3A%20-30%20%25%20sur%20la%201re%20vid%C3%A9o%20%28104%20DH%20au%20lieu%20de%20149%29.%20Ou%20899%20DH/mois%20pour%2010%20vid%C3%A9os.%0AJe%20peux%20vous%20en%20dire%20plus%20%3F,,,inconnu,"Bonjour ImmoStanding 👋
Je suis Julien, fondateur d'ImmoClap (Marrakech). On transforme les photos de vos biens en vidéo cinématique pour Instagram, TikTok et les portails, en quelques minutes, avec votre logo.
Vos annonces pourraient avoir une vidéo en plus des photos, sans tournage.
Exemple : https://immoclap.netlify.app/?v=wa-ma
Offre de lancement : -30 % sur la 1re vidéo (104 DH au lieu de 149). Ou 899 DH/mois pour 10 vidéos.
Je peux vous en dire plus ?",,,à envoyer
Les Dunes du Monde,Agadir,Rue de l'Entraide,+212673297236,https://wa.me/212673297236?text=Bonjour%20Les%20Dunes%20du%20Monde%20%F0%9F%91%8B%0AJe%20suis%20Julien%2C%20fondateur%20d%27ImmoClap%20%28Marrakech%29.%20On%20transforme%20les%20photos%20de%20vos%20biens%20en%20vid%C3%A9o%20cin%C3%A9matique%20pour%20Instagram%2C%20TikTok%20et%20les%20portails%2C%20en%20quelques%20minutes%2C%20avec%20votre%20logo.%0AJe%20vois%20que%20vous%20publiez%20d%C3%A9j%C3%A0%20des%20vid%C3%A9os%20%3A%20ImmoClap%20vous%20%C3%A9vite%20le%20tournage%20et%20le%20montage.%0AExemple%20%3A%20https%3A//immoclap.netlify.app/%3Fv%3Dwa-ma%0AOffre%20de%20lancement%20%3A%20-30%20%25%20sur%20la%201re%20vid%C3%A9o%20%28104%20DH%20au%20lieu%20de%20149%29.%20Ou%20899%20DH/mois%20pour%2010%20vid%C3%A9os.%0AJe%20peux%20vous%20en%20dire%20plus%20%3F,immo.lesdunes@gmail.com,https://www.instagram.com/lesdunesimmobilier/,oui,"Bonjour Les Dunes du Monde 👋
Je suis Julien, fondateur d'ImmoClap (Marrakech). On transforme les photos de vos biens en vidéo cinématique pour Instagram, TikTok et les portails, en quelques minutes, avec votre logo.
Je vois que vous publiez déjà des vidéos : ImmoClap vous évite le tournage et le montage.
Exemple : https://immoclap.netlify.app/?v=wa-ma
Offre de lancement : -30 % sur la 1re vidéo (104 DH au lieu de 149). Ou 899 DH/mois pour 10 vidéos.
Je peux vous en dire plus ?",,,à envoyer
APA Agency (APA Premium),Agadir,Agadir Bay,+212608682778,https://wa.me/212608682778?text=Bonjour%20APA%20Agency%20%28APA%20Premium%29%20%F0%9F%91%8B%0AJe%20suis%20Julien%2C%20fondateur%20d%27ImmoClap%20%28Marrakech%29.%20On%20transforme%20les%20photos%20de%20vos%20biens%20en%20vid%C3%A9o%20cin%C3%A9matique%20pour%20Instagram%2C%20TikTok%20et%20les%20portails%2C%20en%20quelques%20minutes%2C%20avec%20votre%20logo.%0AVos%20annonces%20pourraient%20avoir%20une%20vid%C3%A9o%20en%20plus%20des%20photos%2C%20sans%20tournage.%0AExemple%20%3A%20https%3A//immoclap.netlify.app/%3Fv%3Dwa-ma%0AOffre%20de%20lancement%20%3A%20-30%20%25%20sur%20la%201re%20vid%C3%A9o%20%28104%20DH%20au%20lieu%20de%20149%29.%20Ou%20899%20DH/mois%20pour%2010%20vid%C3%A9os.%0AJe%20peux%20vous%20en%20dire%20plus%20%3F,apa.agency.maroc@gmail.com,,inconnu,"Bonjour APA Agency (APA Premium) 👋
Je suis Julien, fondateur d'ImmoClap (Marrakech). On transforme les photos de vos biens en vidéo cinématique pour Instagram, TikTok et les portails, en quelques minutes, avec votre logo.
Vos annonces pourraient avoir une vidéo en plus des photos, sans tournage.
Exemple : https://immoclap.netlify.app/?v=wa-ma
Offre de lancement : -30 % sur la 1re vidéo (104 DH au lieu de 149). Ou 899 DH/mois pour 10 vidéos.
Je peux vous en dire plus ?",,,à envoyer
Agence Ernest Immobilier,Agadir,Bd Hassan II (Imm. Al Amal n°20),+212664151050,https://wa.me/212664151050?text=Bonjour%20Agence%20Ernest%20Immobilier%20%F0%9F%91%8B%0AJe%20suis%20Julien%2C%20fondateur%20d%27ImmoClap%20%28Marrakech%29.%20On%20transforme%20les%20photos%20de%20vos%20biens%20en%20vid%C3%A9o%20cin%C3%A9matique%20pour%20Instagram%2C%20TikTok%20et%20les%20portails%2C%20en%20quelques%20minutes%2C%20avec%20votre%20logo.%0AJe%20vois%20que%20vous%20publiez%20d%C3%A9j%C3%A0%20des%20vid%C3%A9os%20%3A%20ImmoClap%20vous%20%C3%A9vite%20le%20tournage%20et%20le%20montage.%0AExemple%20%3A%20https%3A//immoclap.netlify.app/%3Fv%3Dwa-ma%0AOffre%20de%20lancement%20%3A%20-30%20%25%20sur%20la%201re%20vid%C3%A9o%20%28104%20DH%20au%20lieu%20de%20149%29.%20Ou%20899%20DH/mois%20pour%2010%20vid%C3%A9os.%0AJe%20peux%20vous%20en%20dire%20plus%20%3F,,,oui,"Bonjour Agence Ernest Immobilier 👋
Je suis Julien, fondateur d'ImmoClap (Marrakech). On transforme les photos de vos biens en vidéo cinématique pour Instagram, TikTok et les portails, en quelques minutes, avec votre logo.
Je vois que vous publiez déjà des vidéos : ImmoClap vous évite le tournage et le montage.
Exemple : https://immoclap.netlify.app/?v=wa-ma
Offre de lancement : -30 % sur la 1re vidéo (104 DH au lieu de 149). Ou 899 DH/mois pour 10 vidéos.
Je peux vous en dire plus ?",,,à envoyer
Action Immo,Agadir,Founty (Imm. Ifrane 11),+212661140229,https://wa.me/212661140229?text=Bonjour%20Action%20Immo%20%F0%9F%91%8B%0AJe%20suis%20Julien%2C%20fondateur%20d%27ImmoClap%20%28Marrakech%29.%20On%20transforme%20les%20photos%20de%20vos%20biens%20en%20vid%C3%A9o%20cin%C3%A9matique%20pour%20Instagram%2C%20TikTok%20et%20les%20portails%2C%20en%20quelques%20minutes%2C%20avec%20votre%20logo.%0AVos%20annonces%20pourraient%20avoir%20une%20vid%C3%A9o%20en%20plus%20des%20photos%2C%20sans%20tournage.%0AExemple%20%3A%20https%3A//immoclap.netlify.app/%3Fv%3Dwa-ma%0AOffre%20de%20lancement%20%3A%20-30%20%25%20sur%20la%201re%20vid%C3%A9o%20%28104%20DH%20au%20lieu%20de%20149%29.%20Ou%20899%20DH/mois%20pour%2010%20vid%C3%A9os.%0AJe%20peux%20vous%20en%20dire%20plus%20%3F,,,inconnu,"Bonjour Action Immo 👋
Je suis Julien, fondateur d'ImmoClap (Marrakech). On transforme les photos de vos biens en vidéo cinématique pour Instagram, TikTok et les portails, en quelques minutes, avec votre logo.
Vos annonces pourraient avoir une vidéo en plus des photos, sans tournage.
Exemple : https://immoclap.netlify.app/?v=wa-ma
Offre de lancement : -30 % sur la 1re vidéo (104 DH au lieu de 149). Ou 899 DH/mois pour 10 vidéos.
Je peux vous en dire plus ?",,,à envoyer
AM Immobilier Agadir,Agadir,Av. Moulay Hassan Ier (Imm. Amal Anzi),+212687838319,https://wa.me/212687838319?text=Bonjour%20AM%20Immobilier%20Agadir%20%F0%9F%91%8B%0AJe%20suis%20Julien%2C%20fondateur%20d%27ImmoClap%20%28Marrakech%29.%20On%20transforme%20les%20photos%20de%20vos%20biens%20en%20vid%C3%A9o%20cin%C3%A9matique%20pour%20Instagram%2C%20TikTok%20et%20les%20portails%2C%20en%20quelques%20minutes%2C%20avec%20votre%20logo.%0AVos%20annonces%20pourraient%20avoir%20une%20vid%C3%A9o%20en%20plus%20des%20photos%2C%20sans%20tournage.%0AExemple%20%3A%20https%3A//immoclap.netlify.app/%3Fv%3Dwa-ma%0AOffre%20de%20lancement%20%3A%20-30%20%25%20sur%20la%201re%20vid%C3%A9o%20%28104%20DH%20au%20lieu%20de%20149%29.%20Ou%20899%20DH/mois%20pour%2010%20vid%C3%A9os.%0AJe%20peux%20vous%20en%20dire%20plus%20%3F,contact@amimmobilieragadir.com,,inconnu,"Bonjour AM Immobilier Agadir 👋
Je suis Julien, fondateur d'ImmoClap (Marrakech). On transforme les photos de vos biens en vidéo cinématique pour Instagram, TikTok et les portails, en quelques minutes, avec votre logo.
Vos annonces pourraient avoir une vidéo en plus des photos, sans tournage.
Exemple : https://immoclap.netlify.app/?v=wa-ma
Offre de lancement : -30 % sur la 1re vidéo (104 DH au lieu de 149). Ou 899 DH/mois pour 10 vidéos.
Je peux vous en dire plus ?",,,à envoyer
AGIMAG (Agence Immobilière d'Agadir),Agadir,"Centre-ville (Imm. M2, rue de l'Hôtel de Ville)",,,,,inconnu,"Bonjour AGIMAG (Agence Immobilière d'Agadir) 👋
Je suis Julien, fondateur d'ImmoClap (Marrakech). On transforme les photos de vos biens en vidéo cinématique pour Instagram, TikTok et les portails, en quelques minutes, avec votre logo.
Vos annonces pourraient avoir une vidéo en plus des photos, sans tournage.
Exemple : https://immoclap.netlify.app/?v=wa-ma
Offre de lancement : -30 % sur la 1re vidéo (104 DH au lieu de 149). Ou 899 DH/mois pour 10 vidéos.
Je peux vous en dire plus ?",,,pas de mobile → e-mail/DM
Agenceimmobilier.ma (2P),Agadir,« C15 » (adresse Google),+212661678714,https://wa.me/212661678714?text=Bonjour%20Agenceimmobilier.ma%20%282P%29%20%F0%9F%91%8B%0AJe%20suis%20Julien%2C%20fondateur%20d%27ImmoClap%20%28Marrakech%29.%20On%20transforme%20les%20photos%20de%20vos%20biens%20en%20vid%C3%A9o%20cin%C3%A9matique%20pour%20Instagram%2C%20TikTok%20et%20les%20portails%2C%20en%20quelques%20minutes%2C%20avec%20votre%20logo.%0AVos%20annonces%20pourraient%20avoir%20une%20vid%C3%A9o%20en%20plus%20des%20photos%2C%20sans%20tournage.%0AExemple%20%3A%20https%3A//immoclap.netlify.app/%3Fv%3Dwa-ma%0AOffre%20de%20lancement%20%3A%20-30%20%25%20sur%20la%201re%20vid%C3%A9o%20%28104%20DH%20au%20lieu%20de%20149%29.%20Ou%20899%20DH/mois%20pour%2010%20vid%C3%A9os.%0AJe%20peux%20vous%20en%20dire%20plus%20%3F,immo@2p.ma,,inconnu,"Bonjour Agenceimmobilier.ma (2P) 👋
Je suis Julien, fondateur d'ImmoClap (Marrakech). On transforme les photos de vos biens en vidéo cinématique pour Instagram, TikTok et les portails, en quelques minutes, avec votre logo.
Vos annonces pourraient avoir une vidéo en plus des photos, sans tournage.
Exemple : https://immoclap.netlify.app/?v=wa-ma
Offre de lancement : -30 % sur la 1re vidéo (104 DH au lieu de 149). Ou 899 DH/mois pour 10 vidéos.
Je peux vous en dire plus ?",,,à envoyer
Agadir Living,Agadir,Av. des FAR (n°19),+212669125999,https://wa.me/212669125999?text=Bonjour%20Agadir%20Living%20%F0%9F%91%8B%0AJe%20suis%20Julien%2C%20fondateur%20d%27ImmoClap%20%28Marrakech%29.%20On%20transforme%20les%20photos%20de%20vos%20biens%20en%20vid%C3%A9o%20cin%C3%A9matique%20pour%20Instagram%2C%20TikTok%20et%20les%20portails%2C%20en%20quelques%20minutes%2C%20avec%20votre%20logo.%0AJe%20vois%20que%20vous%20publiez%20d%C3%A9j%C3%A0%20des%20vid%C3%A9os%20%3A%20ImmoClap%20vous%20%C3%A9vite%20le%20tournage%20et%20le%20montage.%0AExemple%20%3A%20https%3A//immoclap.netlify.app/%3Fv%3Dwa-ma%0AOffre%20de%20lancement%20%3A%20-30%20%25%20sur%20la%201re%20vid%C3%A9o%20%28104%20DH%20au%20lieu%20de%20149%29.%20Ou%20899%20DH/mois%20pour%2010%20vid%C3%A9os.%0AJe%20peux%20vous%20en%20dire%20plus%20%3F,contact@agadirliving.com,,oui,"Bonjour Agadir Living 👋
Je suis Julien, fondateur d'ImmoClap (Marrakech). On transforme les photos de vos biens en vidéo cinématique pour Instagram, TikTok et les portails, en quelques minutes, avec votre logo.
Je vois que vous publiez déjà des vidéos : ImmoClap vous évite le tournage et le montage.
Exemple : https://immoclap.netlify.app/?v=wa-ma
Offre de lancement : -30 % sur la 1re vidéo (104 DH au lieu de 149). Ou 899 DH/mois pour 10 vidéos.
Je peux vous en dire plus ?",,,à envoyer
Dahabi Agadir,Agadir,,+212663555691,https://wa.me/212663555691?text=Bonjour%20Dahabi%20Agadir%20%F0%9F%91%8B%0AJe%20suis%20Julien%2C%20fondateur%20d%27ImmoClap%20%28Marrakech%29.%20On%20transforme%20les%20photos%20de%20vos%20biens%20en%20vid%C3%A9o%20cin%C3%A9matique%20pour%20Instagram%2C%20TikTok%20et%20les%20portails%2C%20en%20quelques%20minutes%2C%20avec%20votre%20logo.%0AVos%20annonces%20pourraient%20avoir%20une%20vid%C3%A9o%20en%20plus%20des%20photos%2C%20sans%20tournage.%0AExemple%20%3A%20https%3A//immoclap.netlify.app/%3Fv%3Dwa-ma%0AOffre%20de%20lancement%20%3A%20-30%20%25%20sur%20la%201re%20vid%C3%A9o%20%28104%20DH%20au%20lieu%20de%20149%29.%20Ou%20899%20DH/mois%20pour%2010%20vid%C3%A9os.%0AJe%20peux%20vous%20en%20dire%20plus%20%3F,contact@dahabiagadir.com,,inconnu,"Bonjour Dahabi Agadir 👋
Je suis Julien, fondateur d'ImmoClap (Marrakech). On transforme les photos de vos biens en vidéo cinématique pour Instagram, TikTok et les portails, en quelques minutes, avec votre logo.
Vos annonces pourraient avoir une vidéo en plus des photos, sans tournage.
Exemple : https://immoclap.netlify.app/?v=wa-ma
Offre de lancement : -30 % sur la 1re vidéo (104 DH au lieu de 149). Ou 899 DH/mois pour 10 vidéos.
Je peux vous en dire plus ?",,,à envoyer
Jawhara Luxe Realty,Agadir,"Haut Founty (Imm. 105, bureau 9)",+212664445512,https://wa.me/212664445512?text=Bonjour%20Jawhara%20Luxe%20Realty%20%F0%9F%91%8B%0AJe%20suis%20Julien%2C%20fondateur%20d%27ImmoClap%20%28Marrakech%29.%20On%20transforme%20les%20photos%20de%20vos%20biens%20en%20vid%C3%A9o%20cin%C3%A9matique%20pour%20Instagram%2C%20TikTok%20et%20les%20portails%2C%20en%20quelques%20minutes%2C%20avec%20votre%20logo.%0AJe%20vois%20que%20vous%20publiez%20d%C3%A9j%C3%A0%20des%20vid%C3%A9os%20%3A%20ImmoClap%20vous%20%C3%A9vite%20le%20tournage%20et%20le%20montage.%0AExemple%20%3A%20https%3A//immoclap.netlify.app/%3Fv%3Dwa-ma%0AOffre%20de%20lancement%20%3A%20-30%20%25%20sur%20la%201re%20vid%C3%A9o%20%28104%20DH%20au%20lieu%20de%20149%29.%20Ou%20899%20DH/mois%20pour%2010%20vid%C3%A9os.%0AJe%20peux%20vous%20en%20dire%20plus%20%3F,,https://www.instagram.com/jawhara_luxe_realty/,oui,"Bonjour Jawhara Luxe Realty 👋
Je suis Julien, fondateur d'ImmoClap (Marrakech). On transforme les photos de vos biens en vidéo cinématique pour Instagram, TikTok et les portails, en quelques minutes, avec votre logo.
Je vois que vous publiez déjà des vidéos : ImmoClap vous évite le tournage et le montage.
Exemple : https://immoclap.netlify.app/?v=wa-ma
Offre de lancement : -30 % sur la 1re vidéo (104 DH au lieu de 149). Ou 899 DH/mois pour 10 vidéos.
Je peux vous en dire plus ?",,,à envoyer
Agadir Hawks,Agadir,,+212664063040,https://wa.me/212664063040?text=Bonjour%20Agadir%20Hawks%20%F0%9F%91%8B%0AJe%20suis%20Julien%2C%20fondateur%20d%27ImmoClap%20%28Marrakech%29.%20On%20transforme%20les%20photos%20de%20vos%20biens%20en%20vid%C3%A9o%20cin%C3%A9matique%20pour%20Instagram%2C%20TikTok%20et%20les%20portails%2C%20en%20quelques%20minutes%2C%20avec%20votre%20logo.%0AVos%20annonces%20pourraient%20avoir%20une%20vid%C3%A9o%20en%20plus%20des%20photos%2C%20sans%20tournage.%0AExemple%20%3A%20https%3A//immoclap.netlify.app/%3Fv%3Dwa-ma%0AOffre%20de%20lancement%20%3A%20-30%20%25%20sur%20la%201re%20vid%C3%A9o%20%28104%20DH%20au%20lieu%20de%20149%29.%20Ou%20899%20DH/mois%20pour%2010%20vid%C3%A9os.%0AJe%20peux%20vous%20en%20dire%20plus%20%3F,agadirhawks@gmail.com,,inconnu,"Bonjour Agadir Hawks 👋
Je suis Julien, fondateur d'ImmoClap (Marrakech). On transforme les photos de vos biens en vidéo cinématique pour Instagram, TikTok et les portails, en quelques minutes, avec votre logo.
Vos annonces pourraient avoir une vidéo en plus des photos, sans tournage.
Exemple : https://immoclap.netlify.app/?v=wa-ma
Offre de lancement : -30 % sur la 1re vidéo (104 DH au lieu de 149). Ou 899 DH/mois pour 10 vidéos.
Je peux vous en dire plus ?",,,à envoyer
Luxe & Patrimoine (agence d'Agadir),Agadir,Cité Dakhla (Bloc C15),+212621761028,https://wa.me/212621761028?text=Bonjour%20Luxe%20%26%20Patrimoine%20%28agence%20d%27Agadir%29%20%F0%9F%91%8B%0AJe%20suis%20Julien%2C%20fondateur%20d%27ImmoClap%20%28Marrakech%29.%20On%20transforme%20les%20photos%20de%20vos%20biens%20en%20vid%C3%A9o%20cin%C3%A9matique%20pour%20Instagram%2C%20TikTok%20et%20les%20portails%2C%20en%20quelques%20minutes%2C%20avec%20votre%20logo.%0AJe%20vois%20que%20vous%20publiez%20d%C3%A9j%C3%A0%20des%20vid%C3%A9os%20%3A%20ImmoClap%20vous%20%C3%A9vite%20le%20tournage%20et%20le%20montage.%0AExemple%20%3A%20https%3A//immoclap.netlify.app/%3Fv%3Dwa-ma%0AOffre%20de%20lancement%20%3A%20-30%20%25%20sur%20la%201re%20vid%C3%A9o%20%28104%20DH%20au%20lieu%20de%20149%29.%20Ou%20899%20DH/mois%20pour%2010%20vid%C3%A9os.%0AJe%20peux%20vous%20en%20dire%20plus%20%3F,fgueye@luxe-patrimoine.com,https://www.instagram.com/luxe_patrimoine/,oui,"Bonjour Luxe & Patrimoine (agence d'Agadir) 👋
Je suis Julien, fondateur d'ImmoClap (Marrakech). On transforme les photos de vos biens en vidéo cinématique pour Instagram, TikTok et les portails, en quelques minutes, avec votre logo.
Je vois que vous publiez déjà des vidéos : ImmoClap vous évite le tournage et le montage.
Exemple : https://immoclap.netlify.app/?v=wa-ma
Offre de lancement : -30 % sur la 1re vidéo (104 DH au lieu de 149). Ou 899 DH/mois pour 10 vidéos.
Je peux vous en dire plus ?",,,à envoyer
"Morgan & James (L'Agence Immobilière), Agadir",Agadir,,,,contact@morganjames.ma,https://www.instagram.com/morganjamesimmobilier/,inconnu,"Bonjour Morgan & James (L'Agence Immobilière), Agadir 👋
Je suis Julien, fondateur d'ImmoClap (Marrakech). On transforme les photos de vos biens en vidéo cinématique pour Instagram, TikTok et les portails, en quelques minutes, avec votre logo.
Vos annonces pourraient avoir une vidéo en plus des photos, sans tournage.
Exemple : https://immoclap.netlify.app/?v=wa-ma
Offre de lancement : -30 % sur la 1re vidéo (104 DH au lieu de 149). Ou 899 DH/mois pour 10 vidéos.
Je peux vous en dire plus ?",,,pas de mobile → e-mail/DM
SORARED Immobilier (bicha.immo),Agadir,"Najah (résidence Najah, av. Boujdour)",+212667062034,https://wa.me/212667062034?text=Bonjour%20SORARED%20Immobilier%20%28bicha.immo%29%20%F0%9F%91%8B%0AJe%20suis%20Julien%2C%20fondateur%20d%27ImmoClap%20%28Marrakech%29.%20On%20transforme%20les%20photos%20de%20vos%20biens%20en%20vid%C3%A9o%20cin%C3%A9matique%20pour%20Instagram%2C%20TikTok%20et%20les%20portails%2C%20en%20quelques%20minutes%2C%20avec%20votre%20logo.%0AVos%20annonces%20pourraient%20avoir%20une%20vid%C3%A9o%20en%20plus%20des%20photos%2C%20sans%20tournage.%0AExemple%20%3A%20https%3A//immoclap.netlify.app/%3Fv%3Dwa-ma%0AOffre%20de%20lancement%20%3A%20-30%20%25%20sur%20la%201re%20vid%C3%A9o%20%28104%20DH%20au%20lieu%20de%20149%29.%20Ou%20899%20DH/mois%20pour%2010%20vid%C3%A9os.%0AJe%20peux%20vous%20en%20dire%20plus%20%3F,contact@bicha.immo,,inconnu,"Bonjour SORARED Immobilier (bicha.immo) 👋
Je suis Julien, fondateur d'ImmoClap (Marrakech). On transforme les photos de vos biens en vidéo cinématique pour Instagram, TikTok et les portails, en quelques minutes, avec votre logo.
Vos annonces pourraient avoir une vidéo en plus des photos, sans tournage.
Exemple : https://immoclap.netlify.app/?v=wa-ma
Offre de lancement : -30 % sur la 1re vidéo (104 DH au lieu de 149). Ou 899 DH/mois pour 10 vidéos.
Je peux vous en dire plus ?",,,à envoyer
Mamnil Immobilier,Agadir,"Talborjt (Imm. Marhaba, av. du 29 Février)",,,,https://www.instagram.com/mamnilimmobilier/,oui,"Bonjour Mamnil Immobilier 👋
Je suis Julien, fondateur d'ImmoClap (Marrakech). On transforme les photos de vos biens en vidéo cinématique pour Instagram, TikTok et les portails, en quelques minutes, avec votre logo.
Je vois que vous publiez déjà des vidéos : ImmoClap vous évite le tournage et le montage.
Exemple : https://immoclap.netlify.app/?v=wa-ma
Offre de lancement : -30 % sur la 1re vidéo (104 DH au lieu de 149). Ou 899 DH/mois pour 10 vidéos.
Je peux vous en dire plus ?",,,pas de mobile → e-mail/DM
Fidarkom (conciergerie et agence immobilière),Agadir,Av. Hassan Ier (Imm. Hafid),+212770079700,https://wa.me/212770079700?text=Bonjour%20Fidarkom%20%28conciergerie%20et%20agence%20immobili%C3%A8re%29%20%F0%9F%91%8B%0AJe%20suis%20Julien%2C%20fondateur%20d%27ImmoClap%20%28Marrakech%29.%20On%20transforme%20les%20photos%20de%20vos%20biens%20en%20vid%C3%A9o%20cin%C3%A9matique%20pour%20Instagram%2C%20TikTok%20et%20les%20portails%2C%20en%20quelques%20minutes%2C%20avec%20votre%20logo.%0AVos%20annonces%20pourraient%20avoir%20une%20vid%C3%A9o%20en%20plus%20des%20photos%2C%20sans%20tournage.%0AExemple%20%3A%20https%3A//immoclap.netlify.app/%3Fv%3Dwa-ma%0AOffre%20de%20lancement%20%3A%20-30%20%25%20sur%20la%201re%20vid%C3%A9o%20%28104%20DH%20au%20lieu%20de%20149%29.%20Ou%20899%20DH/mois%20pour%2010%20vid%C3%A9os.%0AJe%20peux%20vous%20en%20dire%20plus%20%3F,contact@fidarkom.ma,,inconnu,"Bonjour Fidarkom (conciergerie et agence immobilière) 👋
Je suis Julien, fondateur d'ImmoClap (Marrakech). On transforme les photos de vos biens en vidéo cinématique pour Instagram, TikTok et les portails, en quelques minutes, avec votre logo.
Vos annonces pourraient avoir une vidéo en plus des photos, sans tournage.
Exemple : https://immoclap.netlify.app/?v=wa-ma
Offre de lancement : -30 % sur la 1re vidéo (104 DH au lieu de 149). Ou 899 DH/mois pour 10 vidéos.
Je peux vous en dire plus ?",,,à envoyer
Dorian Immobilier (Marhabnb),Agadir,"Av. Mohammedia (bloc 7, n°36)",+212657746317,https://wa.me/212657746317?text=Bonjour%20Dorian%20Immobilier%20%28Marhabnb%29%20%F0%9F%91%8B%0AJe%20suis%20Julien%2C%20fondateur%20d%27ImmoClap%20%28Marrakech%29.%20On%20transforme%20les%20photos%20de%20vos%20biens%20en%20vid%C3%A9o%20cin%C3%A9matique%20pour%20Instagram%2C%20TikTok%20et%20les%20portails%2C%20en%20quelques%20minutes%2C%20avec%20votre%20logo.%0AVos%20annonces%20pourraient%20avoir%20une%20vid%C3%A9o%20en%20plus%20des%20photos%2C%20sans%20tournage.%0AExemple%20%3A%20https%3A//immoclap.netlify.app/%3Fv%3Dwa-ma%0AOffre%20de%20lancement%20%3A%20-30%20%25%20sur%20la%201re%20vid%C3%A9o%20%28104%20DH%20au%20lieu%20de%20149%29.%20Ou%20899%20DH/mois%20pour%2010%20vid%C3%A9os.%0AJe%20peux%20vous%20en%20dire%20plus%20%3F,contact@marhabnb.com,https://www.instagram.com/_marhabnb/,inconnu,"Bonjour Dorian Immobilier (Marhabnb) 👋
Je suis Julien, fondateur d'ImmoClap (Marrakech). On transforme les photos de vos biens en vidéo cinématique pour Instagram, TikTok et les portails, en quelques minutes, avec votre logo.
Vos annonces pourraient avoir une vidéo en plus des photos, sans tournage.
Exemple : https://immoclap.netlify.app/?v=wa-ma
Offre de lancement : -30 % sur la 1re vidéo (104 DH au lieu de 149). Ou 899 DH/mois pour 10 vidéos.
Je peux vous en dire plus ?",,,à envoyer
L'Ambassadeur de l'Immobilier,Casablanca,"Bureau : Angle Bd d'Anfa et rue Mozart, Résidence le petit paradis, Racine, Casablanca | Biens (échantillon Mubawab) : Californie, Anfa, CIL (Hay Salam)",+212661799222,https://wa.me/212661799222?text=Bonjour%20L%27Ambassadeur%20de%20l%27Immobilier%20%F0%9F%91%8B%0AJe%20suis%20Julien%2C%20fondateur%20d%27ImmoClap%20%28Marrakech%29.%20On%20transforme%20les%20photos%20de%20vos%20biens%20en%20vid%C3%A9o%20cin%C3%A9matique%20pour%20Instagram%2C%20TikTok%20et%20les%20portails%2C%20en%20quelques%20minutes%2C%20avec%20votre%20logo.%0AVos%20annonces%20pourraient%20avoir%20une%20vid%C3%A9o%20en%20plus%20des%20photos%2C%20sans%20tournage.%0AExemple%20%3A%20https%3A//immoclap.netlify.app/%3Fv%3Dwa-ma%0AOffre%20de%20lancement%20%3A%20-30%20%25%20sur%20la%201re%20vid%C3%A9o%20%28104%20DH%20au%20lieu%20de%20149%29.%20Ou%20899%20DH/mois%20pour%2010%20vid%C3%A9os.%0AJe%20peux%20vous%20en%20dire%20plus%20%3F,directeur@lambassadeur-immo.ma,https://www.instagram.com/lambassadeur_de_limmo/,non,"Bonjour L'Ambassadeur de l'Immobilier 👋
Je suis Julien, fondateur d'ImmoClap (Marrakech). On transforme les photos de vos biens en vidéo cinématique pour Instagram, TikTok et les portails, en quelques minutes, avec votre logo.
Vos annonces pourraient avoir une vidéo en plus des photos, sans tournage.
Exemple : https://immoclap.netlify.app/?v=wa-ma
Offre de lancement : -30 % sur la 1re vidéo (104 DH au lieu de 149). Ou 899 DH/mois pour 10 vidéos.
Je peux vous en dire plus ?",,,à envoyer
My Sakane Immobilier,Casablanca,"Bureau : Maarif Anfa | Biens (échantillon Mubawab) : Oasis, Les princesses, Ferme Bretonne (Hay Arraha)",+212662655607,https://wa.me/212662655607?text=Bonjour%20My%20Sakane%20Immobilier%20%F0%9F%91%8B%0AJe%20suis%20Julien%2C%20fondateur%20d%27ImmoClap%20%28Marrakech%29.%20On%20transforme%20les%20photos%20de%20vos%20biens%20en%20vid%C3%A9o%20cin%C3%A9matique%20pour%20Instagram%2C%20TikTok%20et%20les%20portails%2C%20en%20quelques%20minutes%2C%20avec%20votre%20logo.%0AVos%20annonces%20pourraient%20avoir%20une%20vid%C3%A9o%20en%20plus%20des%20photos%2C%20sans%20tournage.%0AExemple%20%3A%20https%3A//immoclap.netlify.app/%3Fv%3Dwa-ma%0AOffre%20de%20lancement%20%3A%20-30%20%25%20sur%20la%201re%20vid%C3%A9o%20%28104%20DH%20au%20lieu%20de%20149%29.%20Ou%20899%20DH/mois%20pour%2010%20vid%C3%A9os.%0AJe%20peux%20vous%20en%20dire%20plus%20%3F,,https://www.instagram.com/my.sakane.immobilier/,inconnu,"Bonjour My Sakane Immobilier 👋
Je suis Julien, fondateur d'ImmoClap (Marrakech). On transforme les photos de vos biens en vidéo cinématique pour Instagram, TikTok et les portails, en quelques minutes, avec votre logo.
Vos annonces pourraient avoir une vidéo en plus des photos, sans tournage.
Exemple : https://immoclap.netlify.app/?v=wa-ma
Offre de lancement : -30 % sur la 1re vidéo (104 DH au lieu de 149). Ou 899 DH/mois pour 10 vidéos.
Je peux vous en dire plus ?",,,à envoyer
HK-Premium,Casablanca,"Bureau : Maarif | Biens (échantillon Mubawab) : Anfa, Ain Diab, Anfa Supérieur",+212668409519,https://wa.me/212668409519?text=Bonjour%20HK-Premium%20%F0%9F%91%8B%0AJe%20suis%20Julien%2C%20fondateur%20d%27ImmoClap%20%28Marrakech%29.%20On%20transforme%20les%20photos%20de%20vos%20biens%20en%20vid%C3%A9o%20cin%C3%A9matique%20pour%20Instagram%2C%20TikTok%20et%20les%20portails%2C%20en%20quelques%20minutes%2C%20avec%20votre%20logo.%0AVos%20annonces%20pourraient%20avoir%20une%20vid%C3%A9o%20en%20plus%20des%20photos%2C%20sans%20tournage.%0AExemple%20%3A%20https%3A//immoclap.netlify.app/%3Fv%3Dwa-ma%0AOffre%20de%20lancement%20%3A%20-30%20%25%20sur%20la%201re%20vid%C3%A9o%20%28104%20DH%20au%20lieu%20de%20149%29.%20Ou%20899%20DH/mois%20pour%2010%20vid%C3%A9os.%0AJe%20peux%20vous%20en%20dire%20plus%20%3F,,,inconnu,"Bonjour HK-Premium 👋
Je suis Julien, fondateur d'ImmoClap (Marrakech). On transforme les photos de vos biens en vidéo cinématique pour Instagram, TikTok et les portails, en quelques minutes, avec votre logo.
Vos annonces pourraient avoir une vidéo en plus des photos, sans tournage.
Exemple : https://immoclap.netlify.app/?v=wa-ma
Offre de lancement : -30 % sur la 1re vidéo (104 DH au lieu de 149). Ou 899 DH/mois pour 10 vidéos.
Je peux vous en dire plus ?",,,à envoyer
Immobilier Mondial Trading,Casablanca,"Bureau : 124, Bd Rahal El Meskini, 5ème étage - Casablanca | Biens (échantillon Mubawab) : Californie, Polo, Laymoune",+212663728466,https://wa.me/212663728466?text=Bonjour%20Immobilier%20Mondial%20Trading%20%F0%9F%91%8B%0AJe%20suis%20Julien%2C%20fondateur%20d%27ImmoClap%20%28Marrakech%29.%20On%20transforme%20les%20photos%20de%20vos%20biens%20en%20vid%C3%A9o%20cin%C3%A9matique%20pour%20Instagram%2C%20TikTok%20et%20les%20portails%2C%20en%20quelques%20minutes%2C%20avec%20votre%20logo.%0AVos%20annonces%20pourraient%20avoir%20une%20vid%C3%A9o%20en%20plus%20des%20photos%2C%20sans%20tournage.%0AExemple%20%3A%20https%3A//immoclap.netlify.app/%3Fv%3Dwa-ma%0AOffre%20de%20lancement%20%3A%20-30%20%25%20sur%20la%201re%20vid%C3%A9o%20%28104%20DH%20au%20lieu%20de%20149%29.%20Ou%20899%20DH/mois%20pour%2010%20vid%C3%A9os.%0AJe%20peux%20vous%20en%20dire%20plus%20%3F,,,inconnu,"Bonjour Immobilier Mondial Trading 👋
Je suis Julien, fondateur d'ImmoClap (Marrakech). On transforme les photos de vos biens en vidéo cinématique pour Instagram, TikTok et les portails, en quelques minutes, avec votre logo.
Vos annonces pourraient avoir une vidéo en plus des photos, sans tournage.
Exemple : https://immoclap.netlify.app/?v=wa-ma
Offre de lancement : -30 % sur la 1re vidéo (104 DH au lieu de 149). Ou 899 DH/mois pour 10 vidéos.
Je peux vous en dire plus ?",,,à envoyer
Danna prestige immo,Casablanca,"Bureau : 20 Daouda Dahiri | Biens (échantillon Mubawab) : Sidi Maarouf, Californie, Mandarona",+212614692251,https://wa.me/212614692251?text=Bonjour%20Danna%20prestige%20immo%20%F0%9F%91%8B%0AJe%20suis%20Julien%2C%20fondateur%20d%27ImmoClap%20%28Marrakech%29.%20On%20transforme%20les%20photos%20de%20vos%20biens%20en%20vid%C3%A9o%20cin%C3%A9matique%20pour%20Instagram%2C%20TikTok%20et%20les%20portails%2C%20en%20quelques%20minutes%2C%20avec%20votre%20logo.%0AJe%20vois%20que%20vous%20publiez%20d%C3%A9j%C3%A0%20des%20vid%C3%A9os%20%3A%20ImmoClap%20vous%20%C3%A9vite%20le%20tournage%20et%20le%20montage.%0AExemple%20%3A%20https%3A//immoclap.netlify.app/%3Fv%3Dwa-ma%0AOffre%20de%20lancement%20%3A%20-30%20%25%20sur%20la%201re%20vid%C3%A9o%20%28104%20DH%20au%20lieu%20de%20149%29.%20Ou%20899%20DH/mois%20pour%2010%20vid%C3%A9os.%0AJe%20peux%20vous%20en%20dire%20plus%20%3F,,https://www.instagram.com/dannaprestigeimmo/,oui,"Bonjour Danna prestige immo 👋
Je suis Julien, fondateur d'ImmoClap (Marrakech). On transforme les photos de vos biens en vidéo cinématique pour Instagram, TikTok et les portails, en quelques minutes, avec votre logo.
Je vois que vous publiez déjà des vidéos : ImmoClap vous évite le tournage et le montage.
Exemple : https://immoclap.netlify.app/?v=wa-ma
Offre de lancement : -30 % sur la 1re vidéo (104 DH au lieu de 149). Ou 899 DH/mois pour 10 vidéos.
Je peux vous en dire plus ?",,,à envoyer
Val Foncier,Casablanca,"Bureau : 2, Rue Clavérole, Quartier des Hôpitaux, Casablanca - Maroc | Biens (échantillon Mubawab) : Ain Diab, Californie, CIL (Hay Salam)",+212661077710,https://wa.me/212661077710?text=Bonjour%20Val%20Foncier%20%F0%9F%91%8B%0AJe%20suis%20Julien%2C%20fondateur%20d%27ImmoClap%20%28Marrakech%29.%20On%20transforme%20les%20photos%20de%20vos%20biens%20en%20vid%C3%A9o%20cin%C3%A9matique%20pour%20Instagram%2C%20TikTok%20et%20les%20portails%2C%20en%20quelques%20minutes%2C%20avec%20votre%20logo.%0AJe%20vois%20que%20vous%20publiez%20d%C3%A9j%C3%A0%20des%20vid%C3%A9os%20%3A%20ImmoClap%20vous%20%C3%A9vite%20le%20tournage%20et%20le%20montage.%0AExemple%20%3A%20https%3A//immoclap.netlify.app/%3Fv%3Dwa-ma%0AOffre%20de%20lancement%20%3A%20-30%20%25%20sur%20la%201re%20vid%C3%A9o%20%28104%20DH%20au%20lieu%20de%20149%29.%20Ou%20899%20DH/mois%20pour%2010%20vid%C3%A9os.%0AJe%20peux%20vous%20en%20dire%20plus%20%3F,contact@valfoncier.ma,https://www.instagram.com/valfoncier/,oui,"Bonjour Val Foncier 👋
Je suis Julien, fondateur d'ImmoClap (Marrakech). On transforme les photos de vos biens en vidéo cinématique pour Instagram, TikTok et les portails, en quelques minutes, avec votre logo.
Je vois que vous publiez déjà des vidéos : ImmoClap vous évite le tournage et le montage.
Exemple : https://immoclap.netlify.app/?v=wa-ma
Offre de lancement : -30 % sur la 1re vidéo (104 DH au lieu de 149). Ou 899 DH/mois pour 10 vidéos.
Je peux vous en dire plus ?",,,à envoyer
8th Avenue,Casablanca,"Bureau : 21, Rue Ahmed Naciri 2 ême Etage Nº 6 Rêsidence Andalous Quartier Palmier 20340 Casablanca MAROC | Biens (échantillon Mubawab) : Ain Diab, Ain Diab Extension, Sidi Maarouf",,,,https://www.instagram.com/8thavenuerealestate/,inconnu,"Bonjour 8th Avenue 👋
Je suis Julien, fondateur d'ImmoClap (Marrakech). On transforme les photos de vos biens en vidéo cinématique pour Instagram, TikTok et les portails, en quelques minutes, avec votre logo.
Vos annonces pourraient avoir une vidéo en plus des photos, sans tournage.
Exemple : https://immoclap.netlify.app/?v=wa-ma
Offre de lancement : -30 % sur la 1re vidéo (104 DH au lieu de 149). Ou 899 DH/mois pour 10 vidéos.
Je peux vous en dire plus ?",,,pas de mobile → e-mail/DM
The Agency,Casablanca,"Bureau : Entrée Ouest, Niveau 1 Anfa Place, BD de la Corniche | Biens (échantillon Mubawab) : Ain Diab, Californie, Polo",+212661255290,https://wa.me/212661255290?text=Bonjour%20The%20Agency%20%F0%9F%91%8B%0AJe%20suis%20Julien%2C%20fondateur%20d%27ImmoClap%20%28Marrakech%29.%20On%20transforme%20les%20photos%20de%20vos%20biens%20en%20vid%C3%A9o%20cin%C3%A9matique%20pour%20Instagram%2C%20TikTok%20et%20les%20portails%2C%20en%20quelques%20minutes%2C%20avec%20votre%20logo.%0AJe%20vois%20que%20vous%20publiez%20d%C3%A9j%C3%A0%20des%20vid%C3%A9os%20%3A%20ImmoClap%20vous%20%C3%A9vite%20le%20tournage%20et%20le%20montage.%0AExemple%20%3A%20https%3A//immoclap.netlify.app/%3Fv%3Dwa-ma%0AOffre%20de%20lancement%20%3A%20-30%20%25%20sur%20la%201re%20vid%C3%A9o%20%28104%20DH%20au%20lieu%20de%20149%29.%20Ou%20899%20DH/mois%20pour%2010%20vid%C3%A9os.%0AJe%20peux%20vous%20en%20dire%20plus%20%3F,contact@the-agency.ma,https://www.instagram.com/theagencyadvisory/,oui,"Bonjour The Agency 👋
Je suis Julien, fondateur d'ImmoClap (Marrakech). On transforme les photos de vos biens en vidéo cinématique pour Instagram, TikTok et les portails, en quelques minutes, avec votre logo.
Je vois que vous publiez déjà des vidéos : ImmoClap vous évite le tournage et le montage.
Exemple : https://immoclap.netlify.app/?v=wa-ma
Offre de lancement : -30 % sur la 1re vidéo (104 DH au lieu de 149). Ou 899 DH/mois pour 10 vidéos.
Je peux vous en dire plus ?",,,à envoyer
Regnum Immo,Casablanca,"Bureau : 114 Boulevard Ibnou Sina | Biens (échantillon Mubawab) : Californie, Longchamps (Hay Al Hanâa), Ain Diab",+212661309818,https://wa.me/212661309818?text=Bonjour%20Regnum%20Immo%20%F0%9F%91%8B%0AJe%20suis%20Julien%2C%20fondateur%20d%27ImmoClap%20%28Marrakech%29.%20On%20transforme%20les%20photos%20de%20vos%20biens%20en%20vid%C3%A9o%20cin%C3%A9matique%20pour%20Instagram%2C%20TikTok%20et%20les%20portails%2C%20en%20quelques%20minutes%2C%20avec%20votre%20logo.%0AVos%20annonces%20pourraient%20avoir%20une%20vid%C3%A9o%20en%20plus%20des%20photos%2C%20sans%20tournage.%0AExemple%20%3A%20https%3A//immoclap.netlify.app/%3Fv%3Dwa-ma%0AOffre%20de%20lancement%20%3A%20-30%20%25%20sur%20la%201re%20vid%C3%A9o%20%28104%20DH%20au%20lieu%20de%20149%29.%20Ou%20899%20DH/mois%20pour%2010%20vid%C3%A9os.%0AJe%20peux%20vous%20en%20dire%20plus%20%3F,,https://www.instagram.com/regnum.immo/,inconnu,"Bonjour Regnum Immo 👋
Je suis Julien, fondateur d'ImmoClap (Marrakech). On transforme les photos de vos biens en vidéo cinématique pour Instagram, TikTok et les portails, en quelques minutes, avec votre logo.
Vos annonces pourraient avoir une vidéo en plus des photos, sans tournage.
Exemple : https://immoclap.netlify.app/?v=wa-ma
Offre de lancement : -30 % sur la 1re vidéo (104 DH au lieu de 149). Ou 899 DH/mois pour 10 vidéos.
Je peux vous en dire plus ?",,,à envoyer
Capital Foncier,Casablanca,"Bureau : 110 Rue Moussa Bnou Noucair | Biens (échantillon Mubawab) : Ain Diab, Californie, Habbous",+212602717545,https://wa.me/212602717545?text=Bonjour%20Capital%20Foncier%20%F0%9F%91%8B%0AJe%20suis%20Julien%2C%20fondateur%20d%27ImmoClap%20%28Marrakech%29.%20On%20transforme%20les%20photos%20de%20vos%20biens%20en%20vid%C3%A9o%20cin%C3%A9matique%20pour%20Instagram%2C%20TikTok%20et%20les%20portails%2C%20en%20quelques%20minutes%2C%20avec%20votre%20logo.%0AJe%20vois%20que%20vous%20publiez%20d%C3%A9j%C3%A0%20des%20vid%C3%A9os%20%3A%20ImmoClap%20vous%20%C3%A9vite%20le%20tournage%20et%20le%20montage.%0AExemple%20%3A%20https%3A//immoclap.netlify.app/%3Fv%3Dwa-ma%0AOffre%20de%20lancement%20%3A%20-30%20%25%20sur%20la%201re%20vid%C3%A9o%20%28104%20DH%20au%20lieu%20de%20149%29.%20Ou%20899%20DH/mois%20pour%2010%20vid%C3%A9os.%0AJe%20peux%20vous%20en%20dire%20plus%20%3F,,https://www.instagram.com/capitalfoncier/,oui,"Bonjour Capital Foncier 👋
Je suis Julien, fondateur d'ImmoClap (Marrakech). On transforme les photos de vos biens en vidéo cinématique pour Instagram, TikTok et les portails, en quelques minutes, avec votre logo.
Je vois que vous publiez déjà des vidéos : ImmoClap vous évite le tournage et le montage.
Exemple : https://immoclap.netlify.app/?v=wa-ma
Offre de lancement : -30 % sur la 1re vidéo (104 DH au lieu de 149). Ou 899 DH/mois pour 10 vidéos.
Je peux vous en dire plus ?",,,à envoyer
Imvalory,Casablanca,"Bureau : 299 BD BIR ANZARANE ROMANDIE II IM4, MaarifCasablanca, Maroc | Biens (échantillon Mubawab) : CIL (Hay Salam), Ain Diab Extension, Longchamps (Hay Al Hanâa)",+212661222169,https://wa.me/212661222169?text=Bonjour%20Imvalory%20%F0%9F%91%8B%0AJe%20suis%20Julien%2C%20fondateur%20d%27ImmoClap%20%28Marrakech%29.%20On%20transforme%20les%20photos%20de%20vos%20biens%20en%20vid%C3%A9o%20cin%C3%A9matique%20pour%20Instagram%2C%20TikTok%20et%20les%20portails%2C%20en%20quelques%20minutes%2C%20avec%20votre%20logo.%0AVos%20annonces%20pourraient%20avoir%20une%20vid%C3%A9o%20en%20plus%20des%20photos%2C%20sans%20tournage.%0AExemple%20%3A%20https%3A//immoclap.netlify.app/%3Fv%3Dwa-ma%0AOffre%20de%20lancement%20%3A%20-30%20%25%20sur%20la%201re%20vid%C3%A9o%20%28104%20DH%20au%20lieu%20de%20149%29.%20Ou%20899%20DH/mois%20pour%2010%20vid%C3%A9os.%0AJe%20peux%20vous%20en%20dire%20plus%20%3F,malaoui@imvalory.com,https://www.instagram.com/imvalory/,inconnu,"Bonjour Imvalory 👋
Je suis Julien, fondateur d'ImmoClap (Marrakech). On transforme les photos de vos biens en vidéo cinématique pour Instagram, TikTok et les portails, en quelques minutes, avec votre logo.
Vos annonces pourraient avoir une vidéo en plus des photos, sans tournage.
Exemple : https://immoclap.netlify.app/?v=wa-ma
Offre de lancement : -30 % sur la 1re vidéo (104 DH au lieu de 149). Ou 899 DH/mois pour 10 vidéos.
Je peux vous en dire plus ?",,,à envoyer
Primmo Express,Casablanca,"Bureau : 5 Boulevard Zerktouni, résidence la Tourette, 7ème étage | Biens (échantillon Mubawab) : Californie, Ain Diab, CIL (Hay Salam)",,,primmo.express@gmail.com,,inconnu,"Bonjour Primmo Express 👋
Je suis Julien, fondateur d'ImmoClap (Marrakech). On transforme les photos de vos biens en vidéo cinématique pour Instagram, TikTok et les portails, en quelques minutes, avec votre logo.
Vos annonces pourraient avoir une vidéo en plus des photos, sans tournage.
Exemple : https://immoclap.netlify.app/?v=wa-ma
Offre de lancement : -30 % sur la 1re vidéo (104 DH au lieu de 149). Ou 899 DH/mois pour 10 vidéos.
Je peux vous en dire plus ?",,,pas de mobile → e-mail/DM
Anfasup.ma,Casablanca,"Bureau : Anfa Place | Biens (échantillon Mubawab) : Anfa Supérieur, Anfa, Longchamps (Hay Al Hanâa)",+212604131810,https://wa.me/212604131810?text=Bonjour%20Anfasup.ma%20%F0%9F%91%8B%0AJe%20suis%20Julien%2C%20fondateur%20d%27ImmoClap%20%28Marrakech%29.%20On%20transforme%20les%20photos%20de%20vos%20biens%20en%20vid%C3%A9o%20cin%C3%A9matique%20pour%20Instagram%2C%20TikTok%20et%20les%20portails%2C%20en%20quelques%20minutes%2C%20avec%20votre%20logo.%0AVos%20annonces%20pourraient%20avoir%20une%20vid%C3%A9o%20en%20plus%20des%20photos%2C%20sans%20tournage.%0AExemple%20%3A%20https%3A//immoclap.netlify.app/%3Fv%3Dwa-ma%0AOffre%20de%20lancement%20%3A%20-30%20%25%20sur%20la%201re%20vid%C3%A9o%20%28104%20DH%20au%20lieu%20de%20149%29.%20Ou%20899%20DH/mois%20pour%2010%20vid%C3%A9os.%0AJe%20peux%20vous%20en%20dire%20plus%20%3F,contact@anfasup.ma,,inconnu,"Bonjour Anfasup.ma 👋
Je suis Julien, fondateur d'ImmoClap (Marrakech). On transforme les photos de vos biens en vidéo cinématique pour Instagram, TikTok et les portails, en quelques minutes, avec votre logo.
Vos annonces pourraient avoir une vidéo en plus des photos, sans tournage.
Exemple : https://immoclap.netlify.app/?v=wa-ma
Offre de lancement : -30 % sur la 1re vidéo (104 DH au lieu de 149). Ou 899 DH/mois pour 10 vidéos.
Je peux vous en dire plus ?",,,à envoyer
M. Confidential,Casablanca,"Biens (échantillon Mubawab) : Ain Diab Extension, Anfa",+212610105631,https://wa.me/212610105631?text=Bonjour%20M.%20Confidential%20%F0%9F%91%8B%0AJe%20suis%20Julien%2C%20fondateur%20d%27ImmoClap%20%28Marrakech%29.%20On%20transforme%20les%20photos%20de%20vos%20biens%20en%20vid%C3%A9o%20cin%C3%A9matique%20pour%20Instagram%2C%20TikTok%20et%20les%20portails%2C%20en%20quelques%20minutes%2C%20avec%20votre%20logo.%0AVos%20annonces%20pourraient%20avoir%20une%20vid%C3%A9o%20en%20plus%20des%20photos%2C%20sans%20tournage.%0AExemple%20%3A%20https%3A//immoclap.netlify.app/%3Fv%3Dwa-ma%0AOffre%20de%20lancement%20%3A%20-30%20%25%20sur%20la%201re%20vid%C3%A9o%20%28104%20DH%20au%20lieu%20de%20149%29.%20Ou%20899%20DH/mois%20pour%2010%20vid%C3%A9os.%0AJe%20peux%20vous%20en%20dire%20plus%20%3F,contact@mconfidential.ma,,inconnu,"Bonjour M. Confidential 👋
Je suis Julien, fondateur d'ImmoClap (Marrakech). On transforme les photos de vos biens en vidéo cinématique pour Instagram, TikTok et les portails, en quelques minutes, avec votre logo.
Vos annonces pourraient avoir une vidéo en plus des photos, sans tournage.
Exemple : https://immoclap.netlify.app/?v=wa-ma
Offre de lancement : -30 % sur la 1re vidéo (104 DH au lieu de 149). Ou 899 DH/mois pour 10 vidéos.
Je peux vous en dire plus ?",,,à envoyer
Century 21 ANFA,Casablanca,"Bureau : Racine | Biens (échantillon Mubawab) : Oasis, Ain Diab, Sidi Maarouf",+212663000099,https://wa.me/212663000099?text=Bonjour%20Century%2021%20ANFA%20%F0%9F%91%8B%0AJe%20suis%20Julien%2C%20fondateur%20d%27ImmoClap%20%28Marrakech%29.%20On%20transforme%20les%20photos%20de%20vos%20biens%20en%20vid%C3%A9o%20cin%C3%A9matique%20pour%20Instagram%2C%20TikTok%20et%20les%20portails%2C%20en%20quelques%20minutes%2C%20avec%20votre%20logo.%0AVos%20annonces%20pourraient%20avoir%20une%20vid%C3%A9o%20en%20plus%20des%20photos%2C%20sans%20tournage.%0AExemple%20%3A%20https%3A//immoclap.netlify.app/%3Fv%3Dwa-ma%0AOffre%20de%20lancement%20%3A%20-30%20%25%20sur%20la%201re%20vid%C3%A9o%20%28104%20DH%20au%20lieu%20de%20149%29.%20Ou%20899%20DH/mois%20pour%2010%20vid%C3%A9os.%0AJe%20peux%20vous%20en%20dire%20plus%20%3F,,,inconnu,"Bonjour Century 21 ANFA 👋
Je suis Julien, fondateur d'ImmoClap (Marrakech). On transforme les photos de vos biens en vidéo cinématique pour Instagram, TikTok et les portails, en quelques minutes, avec votre logo.
Vos annonces pourraient avoir une vidéo en plus des photos, sans tournage.
Exemple : https://immoclap.netlify.app/?v=wa-ma
Offre de lancement : -30 % sur la 1re vidéo (104 DH au lieu de 149). Ou 899 DH/mois pour 10 vidéos.
Je peux vous en dire plus ?",,,à envoyer
Immoraf,Casablanca,"Bureau : 59,bd zerktouni , 6eme etage N 18 , Casablanca | Biens (échantillon Mubawab) : Sidi Maarouf, Ain Diab",+212623984120,https://wa.me/212623984120?text=Bonjour%20Immoraf%20%F0%9F%91%8B%0AJe%20suis%20Julien%2C%20fondateur%20d%27ImmoClap%20%28Marrakech%29.%20On%20transforme%20les%20photos%20de%20vos%20biens%20en%20vid%C3%A9o%20cin%C3%A9matique%20pour%20Instagram%2C%20TikTok%20et%20les%20portails%2C%20en%20quelques%20minutes%2C%20avec%20votre%20logo.%0AVos%20annonces%20pourraient%20avoir%20une%20vid%C3%A9o%20en%20plus%20des%20photos%2C%20sans%20tournage.%0AExemple%20%3A%20https%3A//immoclap.netlify.app/%3Fv%3Dwa-ma%0AOffre%20de%20lancement%20%3A%20-30%20%25%20sur%20la%201re%20vid%C3%A9o%20%28104%20DH%20au%20lieu%20de%20149%29.%20Ou%20899%20DH/mois%20pour%2010%20vid%C3%A9os.%0AJe%20peux%20vous%20en%20dire%20plus%20%3F,info@immoraf.ma,https://www.instagram.com/immoraf.ma/,inconnu,"Bonjour Immoraf 👋
Je suis Julien, fondateur d'ImmoClap (Marrakech). On transforme les photos de vos biens en vidéo cinématique pour Instagram, TikTok et les portails, en quelques minutes, avec votre logo.
Vos annonces pourraient avoir une vidéo en plus des photos, sans tournage.
Exemple : https://immoclap.netlify.app/?v=wa-ma
Offre de lancement : -30 % sur la 1re vidéo (104 DH au lieu de 149). Ou 899 DH/mois pour 10 vidéos.
Je peux vous en dire plus ?",,,à envoyer
ALPRO IMMO,Casablanca,"Bureau : rue soumaya res shahrazade 3 etage 5 n°22 palmiers | Biens (échantillon Mubawab) : Mandarona, Ain Diab, Oasis",+212661057013,https://wa.me/212661057013?text=Bonjour%20ALPRO%20IMMO%20%F0%9F%91%8B%0AJe%20suis%20Julien%2C%20fondateur%20d%27ImmoClap%20%28Marrakech%29.%20On%20transforme%20les%20photos%20de%20vos%20biens%20en%20vid%C3%A9o%20cin%C3%A9matique%20pour%20Instagram%2C%20TikTok%20et%20les%20portails%2C%20en%20quelques%20minutes%2C%20avec%20votre%20logo.%0AVos%20annonces%20pourraient%20avoir%20une%20vid%C3%A9o%20en%20plus%20des%20photos%2C%20sans%20tournage.%0AExemple%20%3A%20https%3A//immoclap.netlify.app/%3Fv%3Dwa-ma%0AOffre%20de%20lancement%20%3A%20-30%20%25%20sur%20la%201re%20vid%C3%A9o%20%28104%20DH%20au%20lieu%20de%20149%29.%20Ou%20899%20DH/mois%20pour%2010%20vid%C3%A9os.%0AJe%20peux%20vous%20en%20dire%20plus%20%3F,,https://www.instagram.com/alpro__immo/,inconnu,"Bonjour ALPRO IMMO 👋
Je suis Julien, fondateur d'ImmoClap (Marrakech). On transforme les photos de vos biens en vidéo cinématique pour Instagram, TikTok et les portails, en quelques minutes, avec votre logo.
Vos annonces pourraient avoir une vidéo en plus des photos, sans tournage.
Exemple : https://immoclap.netlify.app/?v=wa-ma
Offre de lancement : -30 % sur la 1re vidéo (104 DH au lieu de 149). Ou 899 DH/mois pour 10 vidéos.
Je peux vous en dire plus ?",,,à envoyer
Edna Immobilier,Casablanca,"Biens (échantillon Mubawab) : Polo, Californie, Ferme Bretonne (Hay Arraha)",+212693479628,https://wa.me/212693479628?text=Bonjour%20Edna%20Immobilier%20%F0%9F%91%8B%0AJe%20suis%20Julien%2C%20fondateur%20d%27ImmoClap%20%28Marrakech%29.%20On%20transforme%20les%20photos%20de%20vos%20biens%20en%20vid%C3%A9o%20cin%C3%A9matique%20pour%20Instagram%2C%20TikTok%20et%20les%20portails%2C%20en%20quelques%20minutes%2C%20avec%20votre%20logo.%0AJe%20vois%20que%20vous%20publiez%20d%C3%A9j%C3%A0%20des%20vid%C3%A9os%20%3A%20ImmoClap%20vous%20%C3%A9vite%20le%20tournage%20et%20le%20montage.%0AExemple%20%3A%20https%3A//immoclap.netlify.app/%3Fv%3Dwa-ma%0AOffre%20de%20lancement%20%3A%20-30%20%25%20sur%20la%201re%20vid%C3%A9o%20%28104%20DH%20au%20lieu%20de%20149%29.%20Ou%20899%20DH/mois%20pour%2010%20vid%C3%A9os.%0AJe%20peux%20vous%20en%20dire%20plus%20%3F,,https://www.instagram.com/edna_immobilier/,oui,"Bonjour Edna Immobilier 👋
Je suis Julien, fondateur d'ImmoClap (Marrakech). On transforme les photos de vos biens en vidéo cinématique pour Instagram, TikTok et les portails, en quelques minutes, avec votre logo.
Je vois que vous publiez déjà des vidéos : ImmoClap vous évite le tournage et le montage.
Exemple : https://immoclap.netlify.app/?v=wa-ma
Offre de lancement : -30 % sur la 1re vidéo (104 DH au lieu de 149). Ou 899 DH/mois pour 10 vidéos.
Je peux vous en dire plus ?",,,à envoyer
Alliance Immobilier Lahrichi,Casablanca,"Biens (échantillon Mubawab) : Polo, Anfa, Anfa Supérieur",+212660159494,https://wa.me/212660159494?text=Bonjour%20Alliance%20Immobilier%20Lahrichi%20%F0%9F%91%8B%0AJe%20suis%20Julien%2C%20fondateur%20d%27ImmoClap%20%28Marrakech%29.%20On%20transforme%20les%20photos%20de%20vos%20biens%20en%20vid%C3%A9o%20cin%C3%A9matique%20pour%20Instagram%2C%20TikTok%20et%20les%20portails%2C%20en%20quelques%20minutes%2C%20avec%20votre%20logo.%0AVos%20annonces%20pourraient%20avoir%20une%20vid%C3%A9o%20en%20plus%20des%20photos%2C%20sans%20tournage.%0AExemple%20%3A%20https%3A//immoclap.netlify.app/%3Fv%3Dwa-ma%0AOffre%20de%20lancement%20%3A%20-30%20%25%20sur%20la%201re%20vid%C3%A9o%20%28104%20DH%20au%20lieu%20de%20149%29.%20Ou%20899%20DH/mois%20pour%2010%20vid%C3%A9os.%0AJe%20peux%20vous%20en%20dire%20plus%20%3F,,,inconnu,"Bonjour Alliance Immobilier Lahrichi 👋
Je suis Julien, fondateur d'ImmoClap (Marrakech). On transforme les photos de vos biens en vidéo cinématique pour Instagram, TikTok et les portails, en quelques minutes, avec votre logo.
Vos annonces pourraient avoir une vidéo en plus des photos, sans tournage.
Exemple : https://immoclap.netlify.app/?v=wa-ma
Offre de lancement : -30 % sur la 1re vidéo (104 DH au lieu de 149). Ou 899 DH/mois pour 10 vidéos.
Je peux vous en dire plus ?",,,à envoyer
Excellence Luxury AT Immo,Casablanca,"Bureau : Maarif | Biens (échantillon Mubawab) : Californie, Ain Diab Extension",+212619205812,https://wa.me/212619205812?text=Bonjour%20Excellence%20Luxury%20AT%20Immo%20%F0%9F%91%8B%0AJe%20suis%20Julien%2C%20fondateur%20d%27ImmoClap%20%28Marrakech%29.%20On%20transforme%20les%20photos%20de%20vos%20biens%20en%20vid%C3%A9o%20cin%C3%A9matique%20pour%20Instagram%2C%20TikTok%20et%20les%20portails%2C%20en%20quelques%20minutes%2C%20avec%20votre%20logo.%0AJe%20vois%20que%20vous%20publiez%20d%C3%A9j%C3%A0%20des%20vid%C3%A9os%20%3A%20ImmoClap%20vous%20%C3%A9vite%20le%20tournage%20et%20le%20montage.%0AExemple%20%3A%20https%3A//immoclap.netlify.app/%3Fv%3Dwa-ma%0AOffre%20de%20lancement%20%3A%20-30%20%25%20sur%20la%201re%20vid%C3%A9o%20%28104%20DH%20au%20lieu%20de%20149%29.%20Ou%20899%20DH/mois%20pour%2010%20vid%C3%A9os.%0AJe%20peux%20vous%20en%20dire%20plus%20%3F,,,oui,"Bonjour Excellence Luxury AT Immo 👋
Je suis Julien, fondateur d'ImmoClap (Marrakech). On transforme les photos de vos biens en vidéo cinématique pour Instagram, TikTok et les portails, en quelques minutes, avec votre logo.
Je vois que vous publiez déjà des vidéos : ImmoClap vous évite le tournage et le montage.
Exemple : https://immoclap.netlify.app/?v=wa-ma
Offre de lancement : -30 % sur la 1re vidéo (104 DH au lieu de 149). Ou 899 DH/mois pour 10 vidéos.
Je peux vous en dire plus ?",,,à envoyer
Partouche Properties,Casablanca,"Bureau : boulevard d'Anfa | Biens (échantillon Mubawab) : Anfa, Ain Diab Extension, Sidi Maârouf",+212687837165,https://wa.me/212687837165?text=Bonjour%20Partouche%20Properties%20%F0%9F%91%8B%0AJe%20suis%20Julien%2C%20fondateur%20d%27ImmoClap%20%28Marrakech%29.%20On%20transforme%20les%20photos%20de%20vos%20biens%20en%20vid%C3%A9o%20cin%C3%A9matique%20pour%20Instagram%2C%20TikTok%20et%20les%20portails%2C%20en%20quelques%20minutes%2C%20avec%20votre%20logo.%0AVos%20annonces%20pourraient%20avoir%20une%20vid%C3%A9o%20en%20plus%20des%20photos%2C%20sans%20tournage.%0AExemple%20%3A%20https%3A//immoclap.netlify.app/%3Fv%3Dwa-ma%0AOffre%20de%20lancement%20%3A%20-30%20%25%20sur%20la%201re%20vid%C3%A9o%20%28104%20DH%20au%20lieu%20de%20149%29.%20Ou%20899%20DH/mois%20pour%2010%20vid%C3%A9os.%0AJe%20peux%20vous%20en%20dire%20plus%20%3F,,,inconnu,"Bonjour Partouche Properties 👋
Je suis Julien, fondateur d'ImmoClap (Marrakech). On transforme les photos de vos biens en vidéo cinématique pour Instagram, TikTok et les portails, en quelques minutes, avec votre logo.
Vos annonces pourraient avoir une vidéo en plus des photos, sans tournage.
Exemple : https://immoclap.netlify.app/?v=wa-ma
Offre de lancement : -30 % sur la 1re vidéo (104 DH au lieu de 149). Ou 899 DH/mois pour 10 vidéos.
Je peux vous en dire plus ?",,,à envoyer
Meridian Real Estate,Casablanca,"Bureau : Immeuble Crystal 1, 10e Étage, Avenue des Almohades, Casablanca - La Marina | Biens (échantillon Mubawab) : Ain Diab",,,,,oui,"Bonjour Meridian Real Estate 👋
Je suis Julien, fondateur d'ImmoClap (Marrakech). On transforme les photos de vos biens en vidéo cinématique pour Instagram, TikTok et les portails, en quelques minutes, avec votre logo.
Je vois que vous publiez déjà des vidéos : ImmoClap vous évite le tournage et le montage.
Exemple : https://immoclap.netlify.app/?v=wa-ma
Offre de lancement : -30 % sur la 1re vidéo (104 DH au lieu de 149). Ou 899 DH/mois pour 10 vidéos.
Je peux vous en dire plus ?",,,pas de mobile → e-mail/DM
Street Realtys,Casablanca,Bureau : 7 RUE TARIK BILLAL CASABLANCA JE OFFICE,+212669776699,https://wa.me/212669776699?text=Bonjour%20Street%20Realtys%20%F0%9F%91%8B%0AJe%20suis%20Julien%2C%20fondateur%20d%27ImmoClap%20%28Marrakech%29.%20On%20transforme%20les%20photos%20de%20vos%20biens%20en%20vid%C3%A9o%20cin%C3%A9matique%20pour%20Instagram%2C%20TikTok%20et%20les%20portails%2C%20en%20quelques%20minutes%2C%20avec%20votre%20logo.%0AJe%20vois%20que%20vous%20publiez%20d%C3%A9j%C3%A0%20des%20vid%C3%A9os%20%3A%20ImmoClap%20vous%20%C3%A9vite%20le%20tournage%20et%20le%20montage.%0AExemple%20%3A%20https%3A//immoclap.netlify.app/%3Fv%3Dwa-ma%0AOffre%20de%20lancement%20%3A%20-30%20%25%20sur%20la%201re%20vid%C3%A9o%20%28104%20DH%20au%20lieu%20de%20149%29.%20Ou%20899%20DH/mois%20pour%2010%20vid%C3%A9os.%0AJe%20peux%20vous%20en%20dire%20plus%20%3F,contact@streetrealtys.com,https://www.instagram.com/streetrealtys/,oui,"Bonjour Street Realtys 👋
Je suis Julien, fondateur d'ImmoClap (Marrakech). On transforme les photos de vos biens en vidéo cinématique pour Instagram, TikTok et les portails, en quelques minutes, avec votre logo.
Je vois que vous publiez déjà des vidéos : ImmoClap vous évite le tournage et le montage.
Exemple : https://immoclap.netlify.app/?v=wa-ma
Offre de lancement : -30 % sur la 1re vidéo (104 DH au lieu de 149). Ou 899 DH/mois pour 10 vidéos.
Je peux vous en dire plus ?",,,à envoyer
Milkiya,Casablanca,Bureau : Quartier Racine | Biens (échantillon Mubawab) : Aviation - Mabella,+212600069774,https://wa.me/212600069774?text=Bonjour%20Milkiya%20%F0%9F%91%8B%0AJe%20suis%20Julien%2C%20fondateur%20d%27ImmoClap%20%28Marrakech%29.%20On%20transforme%20les%20photos%20de%20vos%20biens%20en%20vid%C3%A9o%20cin%C3%A9matique%20pour%20Instagram%2C%20TikTok%20et%20les%20portails%2C%20en%20quelques%20minutes%2C%20avec%20votre%20logo.%0AVos%20annonces%20pourraient%20avoir%20une%20vid%C3%A9o%20en%20plus%20des%20photos%2C%20sans%20tournage.%0AExemple%20%3A%20https%3A//immoclap.netlify.app/%3Fv%3Dwa-ma%0AOffre%20de%20lancement%20%3A%20-30%20%25%20sur%20la%201re%20vid%C3%A9o%20%28104%20DH%20au%20lieu%20de%20149%29.%20Ou%20899%20DH/mois%20pour%2010%20vid%C3%A9os.%0AJe%20peux%20vous%20en%20dire%20plus%20%3F,,https://www.instagram.com/milkiya.officiel/,inconnu,"Bonjour Milkiya 👋
Je suis Julien, fondateur d'ImmoClap (Marrakech). On transforme les photos de vos biens en vidéo cinématique pour Instagram, TikTok et les portails, en quelques minutes, avec votre logo.
Vos annonces pourraient avoir une vidéo en plus des photos, sans tournage.
Exemple : https://immoclap.netlify.app/?v=wa-ma
Offre de lancement : -30 % sur la 1re vidéo (104 DH au lieu de 149). Ou 899 DH/mois pour 10 vidéos.
Je peux vous en dire plus ?",,,à envoyer
Berradi Signature,Casablanca,Biens (échantillon Mubawab) : Bir El Ghazi,+212774552876,https://wa.me/212774552876?text=Bonjour%20Berradi%20Signature%20%F0%9F%91%8B%0AJe%20suis%20Julien%2C%20fondateur%20d%27ImmoClap%20%28Marrakech%29.%20On%20transforme%20les%20photos%20de%20vos%20biens%20en%20vid%C3%A9o%20cin%C3%A9matique%20pour%20Instagram%2C%20TikTok%20et%20les%20portails%2C%20en%20quelques%20minutes%2C%20avec%20votre%20logo.%0AJe%20vois%20que%20vous%20publiez%20d%C3%A9j%C3%A0%20des%20vid%C3%A9os%20%3A%20ImmoClap%20vous%20%C3%A9vite%20le%20tournage%20et%20le%20montage.%0AExemple%20%3A%20https%3A//immoclap.netlify.app/%3Fv%3Dwa-ma%0AOffre%20de%20lancement%20%3A%20-30%20%25%20sur%20la%201re%20vid%C3%A9o%20%28104%20DH%20au%20lieu%20de%20149%29.%20Ou%20899%20DH/mois%20pour%2010%20vid%C3%A9os.%0AJe%20peux%20vous%20en%20dire%20plus%20%3F,,https://www.instagram.com/berradisignature_/,oui,"Bonjour Berradi Signature 👋
Je suis Julien, fondateur d'ImmoClap (Marrakech). On transforme les photos de vos biens en vidéo cinématique pour Instagram, TikTok et les portails, en quelques minutes, avec votre logo.
Je vois que vous publiez déjà des vidéos : ImmoClap vous évite le tournage et le montage.
Exemple : https://immoclap.netlify.app/?v=wa-ma
Offre de lancement : -30 % sur la 1re vidéo (104 DH au lieu de 149). Ou 899 DH/mois pour 10 vidéos.
Je peux vous en dire plus ?",,,à envoyer
Broker Immobilier,Casablanca,"Bureau : 19 Bd Abderrahim Bouabid, Casablanca 20410 (Ex Bd Jerrada)",,,contact@brokerimmo.com,,inconnu,"Bonjour Broker Immobilier 👋
Je suis Julien, fondateur d'ImmoClap (Marrakech). On transforme les photos de vos biens en vidéo cinématique pour Instagram, TikTok et les portails, en quelques minutes, avec votre logo.
Vos annonces pourraient avoir une vidéo en plus des photos, sans tournage.
Exemple : https://immoclap.netlify.app/?v=wa-ma
Offre de lancement : -30 % sur la 1re vidéo (104 DH au lieu de 149). Ou 899 DH/mois pour 10 vidéos.
Je peux vous en dire plus ?",,,pas de mobile → e-mail/DM
Casa Immo Store,Casablanca,Bureau : Agence Racine 14 Rue Molière Racine,+212665778888,https://wa.me/212665778888?text=Bonjour%20Casa%20Immo%20Store%20%F0%9F%91%8B%0AJe%20suis%20Julien%2C%20fondateur%20d%27ImmoClap%20%28Marrakech%29.%20On%20transforme%20les%20photos%20de%20vos%20biens%20en%20vid%C3%A9o%20cin%C3%A9matique%20pour%20Instagram%2C%20TikTok%20et%20les%20portails%2C%20en%20quelques%20minutes%2C%20avec%20votre%20logo.%0AVos%20annonces%20pourraient%20avoir%20une%20vid%C3%A9o%20en%20plus%20des%20photos%2C%20sans%20tournage.%0AExemple%20%3A%20https%3A//immoclap.netlify.app/%3Fv%3Dwa-ma%0AOffre%20de%20lancement%20%3A%20-30%20%25%20sur%20la%201re%20vid%C3%A9o%20%28104%20DH%20au%20lieu%20de%20149%29.%20Ou%20899%20DH/mois%20pour%2010%20vid%C3%A9os.%0AJe%20peux%20vous%20en%20dire%20plus%20%3F,contact@casaimmostore.ma,https://www.instagram.com/casaimmostore/,inconnu,"Bonjour Casa Immo Store 👋
Je suis Julien, fondateur d'ImmoClap (Marrakech). On transforme les photos de vos biens en vidéo cinématique pour Instagram, TikTok et les portails, en quelques minutes, avec votre logo.
Vos annonces pourraient avoir une vidéo en plus des photos, sans tournage.
Exemple : https://immoclap.netlify.app/?v=wa-ma
Offre de lancement : -30 % sur la 1re vidéo (104 DH au lieu de 149). Ou 899 DH/mois pour 10 vidéos.
Je peux vous en dire plus ?",,,à envoyer
Noblesse Real Estate,Casablanca,"Biens (échantillon Mubawab) : Anfa Supérieur, Longchamps (Hay Al Hanâa)",+212661327006,https://wa.me/212661327006?text=Bonjour%20Noblesse%20Real%20Estate%20%F0%9F%91%8B%0AJe%20suis%20Julien%2C%20fondateur%20d%27ImmoClap%20%28Marrakech%29.%20On%20transforme%20les%20photos%20de%20vos%20biens%20en%20vid%C3%A9o%20cin%C3%A9matique%20pour%20Instagram%2C%20TikTok%20et%20les%20portails%2C%20en%20quelques%20minutes%2C%20avec%20votre%20logo.%0AVos%20annonces%20pourraient%20avoir%20une%20vid%C3%A9o%20en%20plus%20des%20photos%2C%20sans%20tournage.%0AExemple%20%3A%20https%3A//immoclap.netlify.app/%3Fv%3Dwa-ma%0AOffre%20de%20lancement%20%3A%20-30%20%25%20sur%20la%201re%20vid%C3%A9o%20%28104%20DH%20au%20lieu%20de%20149%29.%20Ou%20899%20DH/mois%20pour%2010%20vid%C3%A9os.%0AJe%20peux%20vous%20en%20dire%20plus%20%3F,,,inconnu,"Bonjour Noblesse Real Estate 👋
Je suis Julien, fondateur d'ImmoClap (Marrakech). On transforme les photos de vos biens en vidéo cinématique pour Instagram, TikTok et les portails, en quelques minutes, avec votre logo.
Vos annonces pourraient avoir une vidéo en plus des photos, sans tournage.
Exemple : https://immoclap.netlify.app/?v=wa-ma
Offre de lancement : -30 % sur la 1re vidéo (104 DH au lieu de 149). Ou 899 DH/mois pour 10 vidéos.
Je peux vous en dire plus ?",,,à envoyer
Guy Hoquet l'Immobilier Casablanca,Casablanca,Bureau : Rue de Restinga - CIL - Casablanca,+212600606060,https://wa.me/212600606060?text=Bonjour%20Guy%20Hoquet%20l%27Immobilier%20Casablanca%20%F0%9F%91%8B%0AJe%20suis%20Julien%2C%20fondateur%20d%27ImmoClap%20%28Marrakech%29.%20On%20transforme%20les%20photos%20de%20vos%20biens%20en%20vid%C3%A9o%20cin%C3%A9matique%20pour%20Instagram%2C%20TikTok%20et%20les%20portails%2C%20en%20quelques%20minutes%2C%20avec%20votre%20logo.%0AJe%20vois%20que%20vous%20publiez%20d%C3%A9j%C3%A0%20des%20vid%C3%A9os%20%3A%20ImmoClap%20vous%20%C3%A9vite%20le%20tournage%20et%20le%20montage.%0AExemple%20%3A%20https%3A//immoclap.netlify.app/%3Fv%3Dwa-ma%0AOffre%20de%20lancement%20%3A%20-30%20%25%20sur%20la%201re%20vid%C3%A9o%20%28104%20DH%20au%20lieu%20de%20149%29.%20Ou%20899%20DH/mois%20pour%2010%20vid%C3%A9os.%0AJe%20peux%20vous%20en%20dire%20plus%20%3F,casablanca@guyhoquet.com,,oui,"Bonjour Guy Hoquet l'Immobilier Casablanca 👋
Je suis Julien, fondateur d'ImmoClap (Marrakech). On transforme les photos de vos biens en vidéo cinématique pour Instagram, TikTok et les portails, en quelques minutes, avec votre logo.
Je vois que vous publiez déjà des vidéos : ImmoClap vous évite le tournage et le montage.
Exemple : https://immoclap.netlify.app/?v=wa-ma
Offre de lancement : -30 % sur la 1re vidéo (104 DH au lieu de 149). Ou 899 DH/mois pour 10 vidéos.
Je peux vous en dire plus ?",,,à envoyer
WinWin Immo,Casablanca,Biens (échantillon Mubawab) : Ain Diab,+212770042360,https://wa.me/212770042360?text=Bonjour%20WinWin%20Immo%20%F0%9F%91%8B%0AJe%20suis%20Julien%2C%20fondateur%20d%27ImmoClap%20%28Marrakech%29.%20On%20transforme%20les%20photos%20de%20vos%20biens%20en%20vid%C3%A9o%20cin%C3%A9matique%20pour%20Instagram%2C%20TikTok%20et%20les%20portails%2C%20en%20quelques%20minutes%2C%20avec%20votre%20logo.%0AJe%20vois%20que%20vous%20publiez%20d%C3%A9j%C3%A0%20des%20vid%C3%A9os%20%3A%20ImmoClap%20vous%20%C3%A9vite%20le%20tournage%20et%20le%20montage.%0AExemple%20%3A%20https%3A//immoclap.netlify.app/%3Fv%3Dwa-ma%0AOffre%20de%20lancement%20%3A%20-30%20%25%20sur%20la%201re%20vid%C3%A9o%20%28104%20DH%20au%20lieu%20de%20149%29.%20Ou%20899%20DH/mois%20pour%2010%20vid%C3%A9os.%0AJe%20peux%20vous%20en%20dire%20plus%20%3F,contact@winwinimmo.ma,https://www.instagram.com/winwin.immo/,oui,"Bonjour WinWin Immo 👋
Je suis Julien, fondateur d'ImmoClap (Marrakech). On transforme les photos de vos biens en vidéo cinématique pour Instagram, TikTok et les portails, en quelques minutes, avec votre logo.
Je vois que vous publiez déjà des vidéos : ImmoClap vous évite le tournage et le montage.
Exemple : https://immoclap.netlify.app/?v=wa-ma
Offre de lancement : -30 % sur la 1re vidéo (104 DH au lieu de 149). Ou 899 DH/mois pour 10 vidéos.
Je peux vous en dire plus ?",,,à envoyer
Tailored Immo,Casablanca,"Bureau : 265 bd Zerktouni, 9e étage n°92 (adresse légale)",+212664216158,https://wa.me/212664216158?text=Bonjour%20Tailored%20Immo%20%F0%9F%91%8B%0AJe%20suis%20Julien%2C%20fondateur%20d%27ImmoClap%20%28Marrakech%29.%20On%20transforme%20les%20photos%20de%20vos%20biens%20en%20vid%C3%A9o%20cin%C3%A9matique%20pour%20Instagram%2C%20TikTok%20et%20les%20portails%2C%20en%20quelques%20minutes%2C%20avec%20votre%20logo.%0AJe%20vois%20que%20vous%20publiez%20d%C3%A9j%C3%A0%20des%20vid%C3%A9os%20%3A%20ImmoClap%20vous%20%C3%A9vite%20le%20tournage%20et%20le%20montage.%0AExemple%20%3A%20https%3A//immoclap.netlify.app/%3Fv%3Dwa-ma%0AOffre%20de%20lancement%20%3A%20-30%20%25%20sur%20la%201re%20vid%C3%A9o%20%28104%20DH%20au%20lieu%20de%20149%29.%20Ou%20899%20DH/mois%20pour%2010%20vid%C3%A9os.%0AJe%20peux%20vous%20en%20dire%20plus%20%3F,,https://www.instagram.com/tailoredimmo_/,oui,"Bonjour Tailored Immo 👋
Je suis Julien, fondateur d'ImmoClap (Marrakech). On transforme les photos de vos biens en vidéo cinématique pour Instagram, TikTok et les portails, en quelques minutes, avec votre logo.
Je vois que vous publiez déjà des vidéos : ImmoClap vous évite le tournage et le montage.
Exemple : https://immoclap.netlify.app/?v=wa-ma
Offre de lancement : -30 % sur la 1re vidéo (104 DH au lieu de 149). Ou 899 DH/mois pour 10 vidéos.
Je peux vous en dire plus ?",,,à envoyer
Morgan & James Immobilier,Casablanca,"Bureau : Rue des Arènes 1, Maârif",+212660994069,https://wa.me/212660994069?text=Bonjour%20Morgan%20%26%20James%20Immobilier%20%F0%9F%91%8B%0AJe%20suis%20Julien%2C%20fondateur%20d%27ImmoClap%20%28Marrakech%29.%20On%20transforme%20les%20photos%20de%20vos%20biens%20en%20vid%C3%A9o%20cin%C3%A9matique%20pour%20Instagram%2C%20TikTok%20et%20les%20portails%2C%20en%20quelques%20minutes%2C%20avec%20votre%20logo.%0AVos%20annonces%20pourraient%20avoir%20une%20vid%C3%A9o%20en%20plus%20des%20photos%2C%20sans%20tournage.%0AExemple%20%3A%20https%3A//immoclap.netlify.app/%3Fv%3Dwa-ma%0AOffre%20de%20lancement%20%3A%20-30%20%25%20sur%20la%201re%20vid%C3%A9o%20%28104%20DH%20au%20lieu%20de%20149%29.%20Ou%20899%20DH/mois%20pour%2010%20vid%C3%A9os.%0AJe%20peux%20vous%20en%20dire%20plus%20%3F,contact@morganjames.ma,https://www.instagram.com/morganjamesimmobilier/,inconnu,"Bonjour Morgan & James Immobilier 👋
Je suis Julien, fondateur d'ImmoClap (Marrakech). On transforme les photos de vos biens en vidéo cinématique pour Instagram, TikTok et les portails, en quelques minutes, avec votre logo.
Vos annonces pourraient avoir une vidéo en plus des photos, sans tournage.
Exemple : https://immoclap.netlify.app/?v=wa-ma
Offre de lancement : -30 % sur la 1re vidéo (104 DH au lieu de 149). Ou 899 DH/mois pour 10 vidéos.
Je peux vous en dire plus ?",,,à envoyer
Swift-Keey,Rabat,"Bureau : L'orangeraie de Souissi, Rabat | Biens (échantillon Mubawab) : Souissi, Riyad, Hassan - Centre Ville",+212684969787,https://wa.me/212684969787?text=Bonjour%20Swift-Keey%20%F0%9F%91%8B%0AJe%20suis%20Julien%2C%20fondateur%20d%27ImmoClap%20%28Marrakech%29.%20On%20transforme%20les%20photos%20de%20vos%20biens%20en%20vid%C3%A9o%20cin%C3%A9matique%20pour%20Instagram%2C%20TikTok%20et%20les%20portails%2C%20en%20quelques%20minutes%2C%20avec%20votre%20logo.%0AVos%20annonces%20pourraient%20avoir%20une%20vid%C3%A9o%20en%20plus%20des%20photos%2C%20sans%20tournage.%0AExemple%20%3A%20https%3A//immoclap.netlify.app/%3Fv%3Dwa-ma%0AOffre%20de%20lancement%20%3A%20-30%20%25%20sur%20la%201re%20vid%C3%A9o%20%28104%20DH%20au%20lieu%20de%20149%29.%20Ou%20899%20DH/mois%20pour%2010%20vid%C3%A9os.%0AJe%20peux%20vous%20en%20dire%20plus%20%3F,,,inconnu,"Bonjour Swift-Keey 👋
Je suis Julien, fondateur d'ImmoClap (Marrakech). On transforme les photos de vos biens en vidéo cinématique pour Instagram, TikTok et les portails, en quelques minutes, avec votre logo.
Vos annonces pourraient avoir une vidéo en plus des photos, sans tournage.
Exemple : https://immoclap.netlify.app/?v=wa-ma
Offre de lancement : -30 % sur la 1re vidéo (104 DH au lieu de 149). Ou 899 DH/mois pour 10 vidéos.
Je peux vous en dire plus ?",,,à envoyer
Challioui Immobilier,Rabat,"Biens (échantillon Mubawab) : Souissi, Riyad, Quartier Des Ambassades",+212720107816,https://wa.me/212720107816?text=Bonjour%20Challioui%20Immobilier%20%F0%9F%91%8B%0AJe%20suis%20Julien%2C%20fondateur%20d%27ImmoClap%20%28Marrakech%29.%20On%20transforme%20les%20photos%20de%20vos%20biens%20en%20vid%C3%A9o%20cin%C3%A9matique%20pour%20Instagram%2C%20TikTok%20et%20les%20portails%2C%20en%20quelques%20minutes%2C%20avec%20votre%20logo.%0AJe%20vois%20que%20vous%20publiez%20d%C3%A9j%C3%A0%20des%20vid%C3%A9os%20%3A%20ImmoClap%20vous%20%C3%A9vite%20le%20tournage%20et%20le%20montage.%0AExemple%20%3A%20https%3A//immoclap.netlify.app/%3Fv%3Dwa-ma%0AOffre%20de%20lancement%20%3A%20-30%20%25%20sur%20la%201re%20vid%C3%A9o%20%28104%20DH%20au%20lieu%20de%20149%29.%20Ou%20899%20DH/mois%20pour%2010%20vid%C3%A9os.%0AJe%20peux%20vous%20en%20dire%20plus%20%3F,,https://www.instagram.com/challioui_immobilier/,oui,"Bonjour Challioui Immobilier 👋
Je suis Julien, fondateur d'ImmoClap (Marrakech). On transforme les photos de vos biens en vidéo cinématique pour Instagram, TikTok et les portails, en quelques minutes, avec votre logo.
Je vois que vous publiez déjà des vidéos : ImmoClap vous évite le tournage et le montage.
Exemple : https://immoclap.netlify.app/?v=wa-ma
Offre de lancement : -30 % sur la 1re vidéo (104 DH au lieu de 149). Ou 899 DH/mois pour 10 vidéos.
Je peux vous en dire plus ?",,,à envoyer
Between Bonnes Affaires Immo,Rabat,"Bureau : Hay Riad | Biens (échantillon Mubawab) : Souissi, Riyad, Quartier Des Ambassades",+212661680342,https://wa.me/212661680342?text=Bonjour%20Between%20Bonnes%20Affaires%20Immo%20%F0%9F%91%8B%0AJe%20suis%20Julien%2C%20fondateur%20d%27ImmoClap%20%28Marrakech%29.%20On%20transforme%20les%20photos%20de%20vos%20biens%20en%20vid%C3%A9o%20cin%C3%A9matique%20pour%20Instagram%2C%20TikTok%20et%20les%20portails%2C%20en%20quelques%20minutes%2C%20avec%20votre%20logo.%0AVos%20annonces%20pourraient%20avoir%20une%20vid%C3%A9o%20en%20plus%20des%20photos%2C%20sans%20tournage.%0AExemple%20%3A%20https%3A//immoclap.netlify.app/%3Fv%3Dwa-ma%0AOffre%20de%20lancement%20%3A%20-30%20%25%20sur%20la%201re%20vid%C3%A9o%20%28104%20DH%20au%20lieu%20de%20149%29.%20Ou%20899%20DH/mois%20pour%2010%20vid%C3%A9os.%0AJe%20peux%20vous%20en%20dire%20plus%20%3F,,,inconnu,"Bonjour Between Bonnes Affaires Immo 👋
Je suis Julien, fondateur d'ImmoClap (Marrakech). On transforme les photos de vos biens en vidéo cinématique pour Instagram, TikTok et les portails, en quelques minutes, avec votre logo.
Vos annonces pourraient avoir une vidéo en plus des photos, sans tournage.
Exemple : https://immoclap.netlify.app/?v=wa-ma
Offre de lancement : -30 % sur la 1re vidéo (104 DH au lieu de 149). Ou 899 DH/mois pour 10 vidéos.
Je peux vous en dire plus ?",,,à envoyer
immo101.ma by SBDE,Rabat,"Bureau : SBDE HAY RIAD SECTEUR 13 RUE ANARANJ RABAT | Biens (échantillon Mubawab) : Souissi, Riyad, Aviation - Mabella",+212667990809,https://wa.me/212667990809?text=Bonjour%20immo101.ma%20by%20SBDE%20%F0%9F%91%8B%0AJe%20suis%20Julien%2C%20fondateur%20d%27ImmoClap%20%28Marrakech%29.%20On%20transforme%20les%20photos%20de%20vos%20biens%20en%20vid%C3%A9o%20cin%C3%A9matique%20pour%20Instagram%2C%20TikTok%20et%20les%20portails%2C%20en%20quelques%20minutes%2C%20avec%20votre%20logo.%0AJe%20vois%20que%20vous%20publiez%20d%C3%A9j%C3%A0%20des%20vid%C3%A9os%20%3A%20ImmoClap%20vous%20%C3%A9vite%20le%20tournage%20et%20le%20montage.%0AExemple%20%3A%20https%3A//immoclap.netlify.app/%3Fv%3Dwa-ma%0AOffre%20de%20lancement%20%3A%20-30%20%25%20sur%20la%201re%20vid%C3%A9o%20%28104%20DH%20au%20lieu%20de%20149%29.%20Ou%20899%20DH/mois%20pour%2010%20vid%C3%A9os.%0AJe%20peux%20vous%20en%20dire%20plus%20%3F,contact@immo101.ma,,oui,"Bonjour immo101.ma by SBDE 👋
Je suis Julien, fondateur d'ImmoClap (Marrakech). On transforme les photos de vos biens en vidéo cinématique pour Instagram, TikTok et les portails, en quelques minutes, avec votre logo.
Je vois que vous publiez déjà des vidéos : ImmoClap vous évite le tournage et le montage.
Exemple : https://immoclap.netlify.app/?v=wa-ma
Offre de lancement : -30 % sur la 1re vidéo (104 DH au lieu de 149). Ou 899 DH/mois pour 10 vidéos.
Je peux vous en dire plus ?",,,à envoyer
Immoluxe Rabat,Rabat,"Bureau : 77 avenue Okba N09 Agdal-Rabat | Biens (échantillon Mubawab) : Souissi, Riyad, Les Oudayas",,,,,inconnu,"Bonjour Immoluxe Rabat 👋
Je suis Julien, fondateur d'ImmoClap (Marrakech). On transforme les photos de vos biens en vidéo cinématique pour Instagram, TikTok et les portails, en quelques minutes, avec votre logo.
Vos annonces pourraient avoir une vidéo en plus des photos, sans tournage.
Exemple : https://immoclap.netlify.app/?v=wa-ma
Offre de lancement : -30 % sur la 1re vidéo (104 DH au lieu de 149). Ou 899 DH/mois pour 10 vidéos.
Je peux vous en dire plus ?",,,pas de mobile → e-mail/DM
Capalm Rabat,Rabat,"Biens (échantillon Mubawab) : Souissi, Riyad, Guich Oudaya",,,contact@capalmrabat.com,https://www.instagram.com/rabatcapalm/,inconnu,"Bonjour Capalm Rabat 👋
Je suis Julien, fondateur d'ImmoClap (Marrakech). On transforme les photos de vos biens en vidéo cinématique pour Instagram, TikTok et les portails, en quelques minutes, avec votre logo.
Vos annonces pourraient avoir une vidéo en plus des photos, sans tournage.
Exemple : https://immoclap.netlify.app/?v=wa-ma
Offre de lancement : -30 % sur la 1re vidéo (104 DH au lieu de 149). Ou 899 DH/mois pour 10 vidéos.
Je peux vous en dire plus ?",,,pas de mobile → e-mail/DM
Victoire Immo,Rabat,"Bureau : Rue Mali IMM 37 APP 9 DIOUR JAMAA Rabat | Biens (échantillon Mubawab) : Souissi, Riyad, Hassan - Centre Ville",,,,https://www.instagram.com/victoireimmo89/,oui,"Bonjour Victoire Immo 👋
Je suis Julien, fondateur d'ImmoClap (Marrakech). On transforme les photos de vos biens en vidéo cinématique pour Instagram, TikTok et les portails, en quelques minutes, avec votre logo.
Je vois que vous publiez déjà des vidéos : ImmoClap vous évite le tournage et le montage.
Exemple : https://immoclap.netlify.app/?v=wa-ma
Offre de lancement : -30 % sur la 1re vidéo (104 DH au lieu de 149). Ou 899 DH/mois pour 10 vidéos.
Je peux vous en dire plus ?",,,pas de mobile → e-mail/DM
Le point de vente Rabat,Rabat,"Bureau : Avenue Abtal magasin 24 Agdal Rabat,CP 10090 | Biens (échantillon Mubawab) : Agdal, Riyad, Souissi",,,,,oui,"Bonjour Le point de vente Rabat 👋
Je suis Julien, fondateur d'ImmoClap (Marrakech). On transforme les photos de vos biens en vidéo cinématique pour Instagram, TikTok et les portails, en quelques minutes, avec votre logo.
Je vois que vous publiez déjà des vidéos : ImmoClap vous évite le tournage et le montage.
Exemple : https://immoclap.netlify.app/?v=wa-ma
Offre de lancement : -30 % sur la 1re vidéo (104 DH au lieu de 149). Ou 899 DH/mois pour 10 vidéos.
Je peux vous en dire plus ?",,,pas de mobile → e-mail/DM
Révélation Concept,Rabat,"Bureau : Hay Riad Rabat | Biens (échantillon Mubawab) : Riyad, Agdal",+212667871791,https://wa.me/212667871791?text=Bonjour%20R%C3%A9v%C3%A9lation%20Concept%20%F0%9F%91%8B%0AJe%20suis%20Julien%2C%20fondateur%20d%27ImmoClap%20%28Marrakech%29.%20On%20transforme%20les%20photos%20de%20vos%20biens%20en%20vid%C3%A9o%20cin%C3%A9matique%20pour%20Instagram%2C%20TikTok%20et%20les%20portails%2C%20en%20quelques%20minutes%2C%20avec%20votre%20logo.%0AVos%20annonces%20pourraient%20avoir%20une%20vid%C3%A9o%20en%20plus%20des%20photos%2C%20sans%20tournage.%0AExemple%20%3A%20https%3A//immoclap.netlify.app/%3Fv%3Dwa-ma%0AOffre%20de%20lancement%20%3A%20-30%20%25%20sur%20la%201re%20vid%C3%A9o%20%28104%20DH%20au%20lieu%20de%20149%29.%20Ou%20899%20DH/mois%20pour%2010%20vid%C3%A9os.%0AJe%20peux%20vous%20en%20dire%20plus%20%3F,,,inconnu,"Bonjour Révélation Concept 👋
Je suis Julien, fondateur d'ImmoClap (Marrakech). On transforme les photos de vos biens en vidéo cinématique pour Instagram, TikTok et les portails, en quelques minutes, avec votre logo.
Vos annonces pourraient avoir une vidéo en plus des photos, sans tournage.
Exemple : https://immoclap.netlify.app/?v=wa-ma
Offre de lancement : -30 % sur la 1re vidéo (104 DH au lieu de 149). Ou 899 DH/mois pour 10 vidéos.
Je peux vous en dire plus ?",,,à envoyer
Agence Cloche Immo,Rabat,"Bureau : Quartier Hassan | Biens (échantillon Mubawab) : Souissi, Hassan - Centre Ville, Agdal",+212667282777,https://wa.me/212667282777?text=Bonjour%20Agence%20Cloche%20Immo%20%F0%9F%91%8B%0AJe%20suis%20Julien%2C%20fondateur%20d%27ImmoClap%20%28Marrakech%29.%20On%20transforme%20les%20photos%20de%20vos%20biens%20en%20vid%C3%A9o%20cin%C3%A9matique%20pour%20Instagram%2C%20TikTok%20et%20les%20portails%2C%20en%20quelques%20minutes%2C%20avec%20votre%20logo.%0AVos%20annonces%20pourraient%20avoir%20une%20vid%C3%A9o%20en%20plus%20des%20photos%2C%20sans%20tournage.%0AExemple%20%3A%20https%3A//immoclap.netlify.app/%3Fv%3Dwa-ma%0AOffre%20de%20lancement%20%3A%20-30%20%25%20sur%20la%201re%20vid%C3%A9o%20%28104%20DH%20au%20lieu%20de%20149%29.%20Ou%20899%20DH/mois%20pour%2010%20vid%C3%A9os.%0AJe%20peux%20vous%20en%20dire%20plus%20%3F,,,inconnu,"Bonjour Agence Cloche Immo 👋
Je suis Julien, fondateur d'ImmoClap (Marrakech). On transforme les photos de vos biens en vidéo cinématique pour Instagram, TikTok et les portails, en quelques minutes, avec votre logo.
Vos annonces pourraient avoir une vidéo en plus des photos, sans tournage.
Exemple : https://immoclap.netlify.app/?v=wa-ma
Offre de lancement : -30 % sur la 1re vidéo (104 DH au lieu de 149). Ou 899 DH/mois pour 10 vidéos.
Je peux vous en dire plus ?",,,à envoyer
Dar Immo,Rabat,"Bureau : 8bis, Rue Oum Rabie, Appt N° 2 RDC, Agdal Rabat | Biens (échantillon Mubawab) : Riyad, Agdal",,,contact@darimmo.ma,,inconnu,"Bonjour Dar Immo 👋
Je suis Julien, fondateur d'ImmoClap (Marrakech). On transforme les photos de vos biens en vidéo cinématique pour Instagram, TikTok et les portails, en quelques minutes, avec votre logo.
Vos annonces pourraient avoir une vidéo en plus des photos, sans tournage.
Exemple : https://immoclap.netlify.app/?v=wa-ma
Offre de lancement : -30 % sur la 1re vidéo (104 DH au lieu de 149). Ou 899 DH/mois pour 10 vidéos.
Je peux vous en dire plus ?",,,pas de mobile → e-mail/DM
High Immo,Rabat,Bureau : Rabat-Hay Riad | Biens (échantillon Mubawab) : Riyad,+212662419068,https://wa.me/212662419068?text=Bonjour%20High%20Immo%20%F0%9F%91%8B%0AJe%20suis%20Julien%2C%20fondateur%20d%27ImmoClap%20%28Marrakech%29.%20On%20transforme%20les%20photos%20de%20vos%20biens%20en%20vid%C3%A9o%20cin%C3%A9matique%20pour%20Instagram%2C%20TikTok%20et%20les%20portails%2C%20en%20quelques%20minutes%2C%20avec%20votre%20logo.%0AVos%20annonces%20pourraient%20avoir%20une%20vid%C3%A9o%20en%20plus%20des%20photos%2C%20sans%20tournage.%0AExemple%20%3A%20https%3A//immoclap.netlify.app/%3Fv%3Dwa-ma%0AOffre%20de%20lancement%20%3A%20-30%20%25%20sur%20la%201re%20vid%C3%A9o%20%28104%20DH%20au%20lieu%20de%20149%29.%20Ou%20899%20DH/mois%20pour%2010%20vid%C3%A9os.%0AJe%20peux%20vous%20en%20dire%20plus%20%3F,,,inconnu,"Bonjour High Immo 👋
Je suis Julien, fondateur d'ImmoClap (Marrakech). On transforme les photos de vos biens en vidéo cinématique pour Instagram, TikTok et les portails, en quelques minutes, avec votre logo.
Vos annonces pourraient avoir une vidéo en plus des photos, sans tournage.
Exemple : https://immoclap.netlify.app/?v=wa-ma
Offre de lancement : -30 % sur la 1re vidéo (104 DH au lieu de 149). Ou 899 DH/mois pour 10 vidéos.
Je peux vous en dire plus ?",,,à envoyer
B&B Partners,Rabat,"Bureau : AVENUE MOHAMED EL YAZIDI SECTEUR 12 BLOC B3 BUREAU N23 HAY RIAD RABAT | Biens (échantillon Mubawab) : Souissi, Quartier Administratif, Agdal",+212600679337,https://wa.me/212600679337?text=Bonjour%20B%26B%20Partners%20%F0%9F%91%8B%0AJe%20suis%20Julien%2C%20fondateur%20d%27ImmoClap%20%28Marrakech%29.%20On%20transforme%20les%20photos%20de%20vos%20biens%20en%20vid%C3%A9o%20cin%C3%A9matique%20pour%20Instagram%2C%20TikTok%20et%20les%20portails%2C%20en%20quelques%20minutes%2C%20avec%20votre%20logo.%0AJe%20vois%20que%20vous%20publiez%20d%C3%A9j%C3%A0%20des%20vid%C3%A9os%20%3A%20ImmoClap%20vous%20%C3%A9vite%20le%20tournage%20et%20le%20montage.%0AExemple%20%3A%20https%3A//immoclap.netlify.app/%3Fv%3Dwa-ma%0AOffre%20de%20lancement%20%3A%20-30%20%25%20sur%20la%201re%20vid%C3%A9o%20%28104%20DH%20au%20lieu%20de%20149%29.%20Ou%20899%20DH/mois%20pour%2010%20vid%C3%A9os.%0AJe%20peux%20vous%20en%20dire%20plus%20%3F,bbrealestatemorocco@gmail.com,https://www.instagram.com/bnbpartners.immo/,oui,"Bonjour B&B Partners 👋
Je suis Julien, fondateur d'ImmoClap (Marrakech). On transforme les photos de vos biens en vidéo cinématique pour Instagram, TikTok et les portails, en quelques minutes, avec votre logo.
Je vois que vous publiez déjà des vidéos : ImmoClap vous évite le tournage et le montage.
Exemple : https://immoclap.netlify.app/?v=wa-ma
Offre de lancement : -30 % sur la 1re vidéo (104 DH au lieu de 149). Ou 899 DH/mois pour 10 vidéos.
Je peux vous en dire plus ?",,,à envoyer
KB Group Real Estate,Rabat,"Biens (échantillon Mubawab) : Souissi, Hassan - Centre Ville",+212661075307,https://wa.me/212661075307?text=Bonjour%20KB%20Group%20Real%20Estate%20%F0%9F%91%8B%0AJe%20suis%20Julien%2C%20fondateur%20d%27ImmoClap%20%28Marrakech%29.%20On%20transforme%20les%20photos%20de%20vos%20biens%20en%20vid%C3%A9o%20cin%C3%A9matique%20pour%20Instagram%2C%20TikTok%20et%20les%20portails%2C%20en%20quelques%20minutes%2C%20avec%20votre%20logo.%0AJe%20vois%20que%20vous%20publiez%20d%C3%A9j%C3%A0%20des%20vid%C3%A9os%20%3A%20ImmoClap%20vous%20%C3%A9vite%20le%20tournage%20et%20le%20montage.%0AExemple%20%3A%20https%3A//immoclap.netlify.app/%3Fv%3Dwa-ma%0AOffre%20de%20lancement%20%3A%20-30%20%25%20sur%20la%201re%20vid%C3%A9o%20%28104%20DH%20au%20lieu%20de%20149%29.%20Ou%20899%20DH/mois%20pour%2010%20vid%C3%A9os.%0AJe%20peux%20vous%20en%20dire%20plus%20%3F,b.kabbaj@kbgroup.ma,https://www.instagram.com/kb_group__real_estate/,oui,"Bonjour KB Group Real Estate 👋
Je suis Julien, fondateur d'ImmoClap (Marrakech). On transforme les photos de vos biens en vidéo cinématique pour Instagram, TikTok et les portails, en quelques minutes, avec votre logo.
Je vois que vous publiez déjà des vidéos : ImmoClap vous évite le tournage et le montage.
Exemple : https://immoclap.netlify.app/?v=wa-ma
Offre de lancement : -30 % sur la 1re vidéo (104 DH au lieu de 149). Ou 899 DH/mois pour 10 vidéos.
Je peux vous en dire plus ?",,,à envoyer
Global Brokerage Real Estate,Rabat,"Bureau : Hay Riyad,angle Av. Annakhil et rue Arromane,Rés.Soundous 2,RDC N° 3 - Rabat - Maroc | Biens (échantillon Mubawab) : Rabat, Souissi, Hassan - Centre Ville",,,contact@gbre.ma,,inconnu,"Bonjour Global Brokerage Real Estate 👋
Je suis Julien, fondateur d'ImmoClap (Marrakech). On transforme les photos de vos biens en vidéo cinématique pour Instagram, TikTok et les portails, en quelques minutes, avec votre logo.
Vos annonces pourraient avoir une vidéo en plus des photos, sans tournage.
Exemple : https://immoclap.netlify.app/?v=wa-ma
Offre de lancement : -30 % sur la 1re vidéo (104 DH au lieu de 149). Ou 899 DH/mois pour 10 vidéos.
Je peux vous en dire plus ?",,,pas de mobile → e-mail/DM
Andaloussi Immobilier (APS),Rabat,"Bureau : SIEGE SOCIAL: Avenue Mohamed El Yazidi, secteur 12, bloc B3, Hay Riad, RABAT | Biens (échantillon Mubawab) : Souissi, Takadoum, Haut Agdal",+212610320343,https://wa.me/212610320343?text=Bonjour%20Andaloussi%20Immobilier%20%28APS%29%20%F0%9F%91%8B%0AJe%20suis%20Julien%2C%20fondateur%20d%27ImmoClap%20%28Marrakech%29.%20On%20transforme%20les%20photos%20de%20vos%20biens%20en%20vid%C3%A9o%20cin%C3%A9matique%20pour%20Instagram%2C%20TikTok%20et%20les%20portails%2C%20en%20quelques%20minutes%2C%20avec%20votre%20logo.%0AJe%20vois%20que%20vous%20publiez%20d%C3%A9j%C3%A0%20des%20vid%C3%A9os%20%3A%20ImmoClap%20vous%20%C3%A9vite%20le%20tournage%20et%20le%20montage.%0AExemple%20%3A%20https%3A//immoclap.netlify.app/%3Fv%3Dwa-ma%0AOffre%20de%20lancement%20%3A%20-30%20%25%20sur%20la%201re%20vid%C3%A9o%20%28104%20DH%20au%20lieu%20de%20149%29.%20Ou%20899%20DH/mois%20pour%2010%20vid%C3%A9os.%0AJe%20peux%20vous%20en%20dire%20plus%20%3F,,,oui,"Bonjour Andaloussi Immobilier (APS) 👋
Je suis Julien, fondateur d'ImmoClap (Marrakech). On transforme les photos de vos biens en vidéo cinématique pour Instagram, TikTok et les portails, en quelques minutes, avec votre logo.
Je vois que vous publiez déjà des vidéos : ImmoClap vous évite le tournage et le montage.
Exemple : https://immoclap.netlify.app/?v=wa-ma
Offre de lancement : -30 % sur la 1re vidéo (104 DH au lieu de 149). Ou 899 DH/mois pour 10 vidéos.
Je peux vous en dire plus ?",,,à envoyer
ADIMA Properties,Rabat,"Biens (échantillon Mubawab) : Riyad, Quartier Des Ambassades, Hay Nahda",,,adimaproperties@gmail.com,https://www.instagram.com/adima.properties/,oui,"Bonjour ADIMA Properties 👋
Je suis Julien, fondateur d'ImmoClap (Marrakech). On transforme les photos de vos biens en vidéo cinématique pour Instagram, TikTok et les portails, en quelques minutes, avec votre logo.
Je vois que vous publiez déjà des vidéos : ImmoClap vous évite le tournage et le montage.
Exemple : https://immoclap.netlify.app/?v=wa-ma
Offre de lancement : -30 % sur la 1re vidéo (104 DH au lieu de 149). Ou 899 DH/mois pour 10 vidéos.
Je peux vous en dire plus ?",,,pas de mobile → e-mail/DM
Green Home Immo Expérience,Rabat,Bureau : imm 58.appt A3 rue oued sebou-rabat agdal | Biens (échantillon Mubawab) : Souissi,+212666542214,https://wa.me/212666542214?text=Bonjour%20Green%20Home%20Immo%20Exp%C3%A9rience%20%F0%9F%91%8B%0AJe%20suis%20Julien%2C%20fondateur%20d%27ImmoClap%20%28Marrakech%29.%20On%20transforme%20les%20photos%20de%20vos%20biens%20en%20vid%C3%A9o%20cin%C3%A9matique%20pour%20Instagram%2C%20TikTok%20et%20les%20portails%2C%20en%20quelques%20minutes%2C%20avec%20votre%20logo.%0AVos%20annonces%20pourraient%20avoir%20une%20vid%C3%A9o%20en%20plus%20des%20photos%2C%20sans%20tournage.%0AExemple%20%3A%20https%3A//immoclap.netlify.app/%3Fv%3Dwa-ma%0AOffre%20de%20lancement%20%3A%20-30%20%25%20sur%20la%201re%20vid%C3%A9o%20%28104%20DH%20au%20lieu%20de%20149%29.%20Ou%20899%20DH/mois%20pour%2010%20vid%C3%A9os.%0AJe%20peux%20vous%20en%20dire%20plus%20%3F,contact@greenhomeimmo.com,https://www.instagram.com/green_home_immo_experience/,inconnu,"Bonjour Green Home Immo Expérience 👋
Je suis Julien, fondateur d'ImmoClap (Marrakech). On transforme les photos de vos biens en vidéo cinématique pour Instagram, TikTok et les portails, en quelques minutes, avec votre logo.
Vos annonces pourraient avoir une vidéo en plus des photos, sans tournage.
Exemple : https://immoclap.netlify.app/?v=wa-ma
Offre de lancement : -30 % sur la 1re vidéo (104 DH au lieu de 149). Ou 899 DH/mois pour 10 vidéos.
Je peux vous en dire plus ?",,,à envoyer
ABI Capital,Rabat,"Bureau : ABI CAPITAL RUE TAFETACHT SPACES LA ROCADE, RABAT, MAROC | Biens (échantillon Mubawab) : Souissi, Riyad",+212661240473,https://wa.me/212661240473?text=Bonjour%20ABI%20Capital%20%F0%9F%91%8B%0AJe%20suis%20Julien%2C%20fondateur%20d%27ImmoClap%20%28Marrakech%29.%20On%20transforme%20les%20photos%20de%20vos%20biens%20en%20vid%C3%A9o%20cin%C3%A9matique%20pour%20Instagram%2C%20TikTok%20et%20les%20portails%2C%20en%20quelques%20minutes%2C%20avec%20votre%20logo.%0AJe%20vois%20que%20vous%20publiez%20d%C3%A9j%C3%A0%20des%20vid%C3%A9os%20%3A%20ImmoClap%20vous%20%C3%A9vite%20le%20tournage%20et%20le%20montage.%0AExemple%20%3A%20https%3A//immoclap.netlify.app/%3Fv%3Dwa-ma%0AOffre%20de%20lancement%20%3A%20-30%20%25%20sur%20la%201re%20vid%C3%A9o%20%28104%20DH%20au%20lieu%20de%20149%29.%20Ou%20899%20DH/mois%20pour%2010%20vid%C3%A9os.%0AJe%20peux%20vous%20en%20dire%20plus%20%3F,ahmad@abicapital.ma,https://www.instagram.com/abicapital.ma/,oui,"Bonjour ABI Capital 👋
Je suis Julien, fondateur d'ImmoClap (Marrakech). On transforme les photos de vos biens en vidéo cinématique pour Instagram, TikTok et les portails, en quelques minutes, avec votre logo.
Je vois que vous publiez déjà des vidéos : ImmoClap vous évite le tournage et le montage.
Exemple : https://immoclap.netlify.app/?v=wa-ma
Offre de lancement : -30 % sur la 1re vidéo (104 DH au lieu de 149). Ou 899 DH/mois pour 10 vidéos.
Je peux vous en dire plus ?",,,à envoyer
Bloom Properties,Rabat,"Bureau : Agdal | Biens (échantillon Mubawab) : Riyad, Souissi, Agdal",+212662662656,https://wa.me/212662662656?text=Bonjour%20Bloom%20Properties%20%F0%9F%91%8B%0AJe%20suis%20Julien%2C%20fondateur%20d%27ImmoClap%20%28Marrakech%29.%20On%20transforme%20les%20photos%20de%20vos%20biens%20en%20vid%C3%A9o%20cin%C3%A9matique%20pour%20Instagram%2C%20TikTok%20et%20les%20portails%2C%20en%20quelques%20minutes%2C%20avec%20votre%20logo.%0AJe%20vois%20que%20vous%20publiez%20d%C3%A9j%C3%A0%20des%20vid%C3%A9os%20%3A%20ImmoClap%20vous%20%C3%A9vite%20le%20tournage%20et%20le%20montage.%0AExemple%20%3A%20https%3A//immoclap.netlify.app/%3Fv%3Dwa-ma%0AOffre%20de%20lancement%20%3A%20-30%20%25%20sur%20la%201re%20vid%C3%A9o%20%28104%20DH%20au%20lieu%20de%20149%29.%20Ou%20899%20DH/mois%20pour%2010%20vid%C3%A9os.%0AJe%20peux%20vous%20en%20dire%20plus%20%3F,,https://www.instagram.com/bloomproperties.ma/,oui,"Bonjour Bloom Properties 👋
Je suis Julien, fondateur d'ImmoClap (Marrakech). On transforme les photos de vos biens en vidéo cinématique pour Instagram, TikTok et les portails, en quelques minutes, avec votre logo.
Je vois que vous publiez déjà des vidéos : ImmoClap vous évite le tournage et le montage.
Exemple : https://immoclap.netlify.app/?v=wa-ma
Offre de lancement : -30 % sur la 1re vidéo (104 DH au lieu de 149). Ou 899 DH/mois pour 10 vidéos.
Je peux vous en dire plus ?",,,à envoyer
Monte-Carlo Real Estate,Rabat,"Bureau : 15 Avenue Al Abtal, N°4, Agdal Rabat | Biens (échantillon Mubawab) : Souissi, Hassan - Centre Ville",+212661464037,https://wa.me/212661464037?text=Bonjour%20Monte-Carlo%20Real%20Estate%20%F0%9F%91%8B%0AJe%20suis%20Julien%2C%20fondateur%20d%27ImmoClap%20%28Marrakech%29.%20On%20transforme%20les%20photos%20de%20vos%20biens%20en%20vid%C3%A9o%20cin%C3%A9matique%20pour%20Instagram%2C%20TikTok%20et%20les%20portails%2C%20en%20quelques%20minutes%2C%20avec%20votre%20logo.%0AJe%20vois%20que%20vous%20publiez%20d%C3%A9j%C3%A0%20des%20vid%C3%A9os%20%3A%20ImmoClap%20vous%20%C3%A9vite%20le%20tournage%20et%20le%20montage.%0AExemple%20%3A%20https%3A//immoclap.netlify.app/%3Fv%3Dwa-ma%0AOffre%20de%20lancement%20%3A%20-30%20%25%20sur%20la%201re%20vid%C3%A9o%20%28104%20DH%20au%20lieu%20de%20149%29.%20Ou%20899%20DH/mois%20pour%2010%20vid%C3%A9os.%0AJe%20peux%20vous%20en%20dire%20plus%20%3F,immomontecarlo@gmail.com,https://www.instagram.com/immomontecarlo/,oui,"Bonjour Monte-Carlo Real Estate 👋
Je suis Julien, fondateur d'ImmoClap (Marrakech). On transforme les photos de vos biens en vidéo cinématique pour Instagram, TikTok et les portails, en quelques minutes, avec votre logo.
Je vois que vous publiez déjà des vidéos : ImmoClap vous évite le tournage et le montage.
Exemple : https://immoclap.netlify.app/?v=wa-ma
Offre de lancement : -30 % sur la 1re vidéo (104 DH au lieu de 149). Ou 899 DH/mois pour 10 vidéos.
Je peux vous en dire plus ?",,,à envoyer
Agence Immobilière Cobello,Rabat,"Bureau : Sis 47, Rue Oued Ziz, Appartement 7, 10000 Agdal-Riad Rabat",+212661252460,https://wa.me/212661252460?text=Bonjour%20Agence%20Immobili%C3%A8re%20Cobello%20%F0%9F%91%8B%0AJe%20suis%20Julien%2C%20fondateur%20d%27ImmoClap%20%28Marrakech%29.%20On%20transforme%20les%20photos%20de%20vos%20biens%20en%20vid%C3%A9o%20cin%C3%A9matique%20pour%20Instagram%2C%20TikTok%20et%20les%20portails%2C%20en%20quelques%20minutes%2C%20avec%20votre%20logo.%0AJe%20vois%20que%20vous%20publiez%20d%C3%A9j%C3%A0%20des%20vid%C3%A9os%20%3A%20ImmoClap%20vous%20%C3%A9vite%20le%20tournage%20et%20le%20montage.%0AExemple%20%3A%20https%3A//immoclap.netlify.app/%3Fv%3Dwa-ma%0AOffre%20de%20lancement%20%3A%20-30%20%25%20sur%20la%201re%20vid%C3%A9o%20%28104%20DH%20au%20lieu%20de%20149%29.%20Ou%20899%20DH/mois%20pour%2010%20vid%C3%A9os.%0AJe%20peux%20vous%20en%20dire%20plus%20%3F,cobellosarl@yahoo.fr,,oui,"Bonjour Agence Immobilière Cobello 👋
Je suis Julien, fondateur d'ImmoClap (Marrakech). On transforme les photos de vos biens en vidéo cinématique pour Instagram, TikTok et les portails, en quelques minutes, avec votre logo.
Je vois que vous publiez déjà des vidéos : ImmoClap vous évite le tournage et le montage.
Exemple : https://immoclap.netlify.app/?v=wa-ma
Offre de lancement : -30 % sur la 1re vidéo (104 DH au lieu de 149). Ou 899 DH/mois pour 10 vidéos.
Je peux vous en dire plus ?",,,à envoyer
Hyatt Properties,Rabat,"Bureau : 15 avenue Al Abtal Rabat Agdal | Biens (échantillon Mubawab) : Souissi, Hassan - Centre Ville, Hay Al Fath",+212662681950,https://wa.me/212662681950?text=Bonjour%20Hyatt%20Properties%20%F0%9F%91%8B%0AJe%20suis%20Julien%2C%20fondateur%20d%27ImmoClap%20%28Marrakech%29.%20On%20transforme%20les%20photos%20de%20vos%20biens%20en%20vid%C3%A9o%20cin%C3%A9matique%20pour%20Instagram%2C%20TikTok%20et%20les%20portails%2C%20en%20quelques%20minutes%2C%20avec%20votre%20logo.%0AVos%20annonces%20pourraient%20avoir%20une%20vid%C3%A9o%20en%20plus%20des%20photos%2C%20sans%20tournage.%0AExemple%20%3A%20https%3A//immoclap.netlify.app/%3Fv%3Dwa-ma%0AOffre%20de%20lancement%20%3A%20-30%20%25%20sur%20la%201re%20vid%C3%A9o%20%28104%20DH%20au%20lieu%20de%20149%29.%20Ou%20899%20DH/mois%20pour%2010%20vid%C3%A9os.%0AJe%20peux%20vous%20en%20dire%20plus%20%3F,,,inconnu,"Bonjour Hyatt Properties 👋
Je suis Julien, fondateur d'ImmoClap (Marrakech). On transforme les photos de vos biens en vidéo cinématique pour Instagram, TikTok et les portails, en quelques minutes, avec votre logo.
Vos annonces pourraient avoir une vidéo en plus des photos, sans tournage.
Exemple : https://immoclap.netlify.app/?v=wa-ma
Offre de lancement : -30 % sur la 1re vidéo (104 DH au lieu de 149). Ou 899 DH/mois pour 10 vidéos.
Je peux vous en dire plus ?",,,à envoyer
Akkor Immobilier,Rabat,"Bureau : 37, Rue Jabal Tazaka (angle avenue de France) n°4, Agdal | Biens (échantillon Mubawab) : Souissi",+212661158150,https://wa.me/212661158150?text=Bonjour%20Akkor%20Immobilier%20%F0%9F%91%8B%0AJe%20suis%20Julien%2C%20fondateur%20d%27ImmoClap%20%28Marrakech%29.%20On%20transforme%20les%20photos%20de%20vos%20biens%20en%20vid%C3%A9o%20cin%C3%A9matique%20pour%20Instagram%2C%20TikTok%20et%20les%20portails%2C%20en%20quelques%20minutes%2C%20avec%20votre%20logo.%0AVos%20annonces%20pourraient%20avoir%20une%20vid%C3%A9o%20en%20plus%20des%20photos%2C%20sans%20tournage.%0AExemple%20%3A%20https%3A//immoclap.netlify.app/%3Fv%3Dwa-ma%0AOffre%20de%20lancement%20%3A%20-30%20%25%20sur%20la%201re%20vid%C3%A9o%20%28104%20DH%20au%20lieu%20de%20149%29.%20Ou%20899%20DH/mois%20pour%2010%20vid%C3%A9os.%0AJe%20peux%20vous%20en%20dire%20plus%20%3F,,https://www.instagram.com/akkorimmo/,inconnu,"Bonjour Akkor Immobilier 👋
Je suis Julien, fondateur d'ImmoClap (Marrakech). On transforme les photos de vos biens en vidéo cinématique pour Instagram, TikTok et les portails, en quelques minutes, avec votre logo.
Vos annonces pourraient avoir une vidéo en plus des photos, sans tournage.
Exemple : https://immoclap.netlify.app/?v=wa-ma
Offre de lancement : -30 % sur la 1re vidéo (104 DH au lieu de 149). Ou 899 DH/mois pour 10 vidéos.
Je peux vous en dire plus ?",,,à envoyer
Premium Immobilier,Rabat,"Bureau : Angle av. Mohamed V et rue Bayt Lahm, imm. B 3ème étage, n° 8 Rabat | Biens (échantillon Mubawab) : El Youssoufia, Les Orangers, Souissi",,,,,inconnu,"Bonjour Premium Immobilier 👋
Je suis Julien, fondateur d'ImmoClap (Marrakech). On transforme les photos de vos biens en vidéo cinématique pour Instagram, TikTok et les portails, en quelques minutes, avec votre logo.
Vos annonces pourraient avoir une vidéo en plus des photos, sans tournage.
Exemple : https://immoclap.netlify.app/?v=wa-ma
Offre de lancement : -30 % sur la 1re vidéo (104 DH au lieu de 149). Ou 899 DH/mois pour 10 vidéos.
Je peux vous en dire plus ?",,,pas de mobile → e-mail/DM
Novanest Realty (ex-Morocco Private Properties),Rabat,"Bureau : Hay Riad Business Center, Av Mohamed El Yazidi, secteur 12, bloc B3, Hay Riad | Biens (échantillon Mubawab) : Riyad, Souissi, Guich Oudaya",+212664991020,https://wa.me/212664991020?text=Bonjour%20Novanest%20Realty%20%28ex-Morocco%20Private%20Properties%29%20%F0%9F%91%8B%0AJe%20suis%20Julien%2C%20fondateur%20d%27ImmoClap%20%28Marrakech%29.%20On%20transforme%20les%20photos%20de%20vos%20biens%20en%20vid%C3%A9o%20cin%C3%A9matique%20pour%20Instagram%2C%20TikTok%20et%20les%20portails%2C%20en%20quelques%20minutes%2C%20avec%20votre%20logo.%0AVos%20annonces%20pourraient%20avoir%20une%20vid%C3%A9o%20en%20plus%20des%20photos%2C%20sans%20tournage.%0AExemple%20%3A%20https%3A//immoclap.netlify.app/%3Fv%3Dwa-ma%0AOffre%20de%20lancement%20%3A%20-30%20%25%20sur%20la%201re%20vid%C3%A9o%20%28104%20DH%20au%20lieu%20de%20149%29.%20Ou%20899%20DH/mois%20pour%2010%20vid%C3%A9os.%0AJe%20peux%20vous%20en%20dire%20plus%20%3F,,,inconnu,"Bonjour Novanest Realty (ex-Morocco Private Properties) 👋
Je suis Julien, fondateur d'ImmoClap (Marrakech). On transforme les photos de vos biens en vidéo cinématique pour Instagram, TikTok et les portails, en quelques minutes, avec votre logo.
Vos annonces pourraient avoir une vidéo en plus des photos, sans tournage.
Exemple : https://immoclap.netlify.app/?v=wa-ma
Offre de lancement : -30 % sur la 1re vidéo (104 DH au lieu de 149). Ou 899 DH/mois pour 10 vidéos.
Je peux vous en dire plus ?",,,à envoyer
NRJ Immo,Rabat,"Bureau : AGDAL | Biens (échantillon Mubawab) : Riyad, Guich Oudaya, Souissi",+212616803810,https://wa.me/212616803810?text=Bonjour%20NRJ%20Immo%20%F0%9F%91%8B%0AJe%20suis%20Julien%2C%20fondateur%20d%27ImmoClap%20%28Marrakech%29.%20On%20transforme%20les%20photos%20de%20vos%20biens%20en%20vid%C3%A9o%20cin%C3%A9matique%20pour%20Instagram%2C%20TikTok%20et%20les%20portails%2C%20en%20quelques%20minutes%2C%20avec%20votre%20logo.%0AVos%20annonces%20pourraient%20avoir%20une%20vid%C3%A9o%20en%20plus%20des%20photos%2C%20sans%20tournage.%0AExemple%20%3A%20https%3A//immoclap.netlify.app/%3Fv%3Dwa-ma%0AOffre%20de%20lancement%20%3A%20-30%20%25%20sur%20la%201re%20vid%C3%A9o%20%28104%20DH%20au%20lieu%20de%20149%29.%20Ou%20899%20DH/mois%20pour%2010%20vid%C3%A9os.%0AJe%20peux%20vous%20en%20dire%20plus%20%3F,,,inconnu,"Bonjour NRJ Immo 👋
Je suis Julien, fondateur d'ImmoClap (Marrakech). On transforme les photos de vos biens en vidéo cinématique pour Instagram, TikTok et les portails, en quelques minutes, avec votre logo.
Vos annonces pourraient avoir une vidéo en plus des photos, sans tournage.
Exemple : https://immoclap.netlify.app/?v=wa-ma
Offre de lancement : -30 % sur la 1re vidéo (104 DH au lieu de 149). Ou 899 DH/mois pour 10 vidéos.
Je peux vous en dire plus ?",,,à envoyer
Chestertons Morocco,Rabat,"Bureau : Avenue Mohamed VI, KM 3,5, Essada 2, B8, Rabat | Biens (échantillon Mubawab) : Riyad, Souissi, Haut Agdal",,,contact@chestertons.ma,https://www.instagram.com/chestertons.morocco/,oui,"Bonjour Chestertons Morocco 👋
Je suis Julien, fondateur d'ImmoClap (Marrakech). On transforme les photos de vos biens en vidéo cinématique pour Instagram, TikTok et les portails, en quelques minutes, avec votre logo.
Je vois que vous publiez déjà des vidéos : ImmoClap vous évite le tournage et le montage.
Exemple : https://immoclap.netlify.app/?v=wa-ma
Offre de lancement : -30 % sur la 1re vidéo (104 DH au lieu de 149). Ou 899 DH/mois pour 10 vidéos.
Je peux vous en dire plus ?",,,pas de mobile → e-mail/DM
Daoudi Home,Rabat,"Bureau : Agdal Rabat | Biens (échantillon Mubawab) : Souissi, Riyad",+212696607406,https://wa.me/212696607406?text=Bonjour%20Daoudi%20Home%20%F0%9F%91%8B%0AJe%20suis%20Julien%2C%20fondateur%20d%27ImmoClap%20%28Marrakech%29.%20On%20transforme%20les%20photos%20de%20vos%20biens%20en%20vid%C3%A9o%20cin%C3%A9matique%20pour%20Instagram%2C%20TikTok%20et%20les%20portails%2C%20en%20quelques%20minutes%2C%20avec%20votre%20logo.%0AJe%20vois%20que%20vous%20publiez%20d%C3%A9j%C3%A0%20des%20vid%C3%A9os%20%3A%20ImmoClap%20vous%20%C3%A9vite%20le%20tournage%20et%20le%20montage.%0AExemple%20%3A%20https%3A//immoclap.netlify.app/%3Fv%3Dwa-ma%0AOffre%20de%20lancement%20%3A%20-30%20%25%20sur%20la%201re%20vid%C3%A9o%20%28104%20DH%20au%20lieu%20de%20149%29.%20Ou%20899%20DH/mois%20pour%2010%20vid%C3%A9os.%0AJe%20peux%20vous%20en%20dire%20plus%20%3F,,https://www.instagram.com/daoudihome/,oui,"Bonjour Daoudi Home 👋
Je suis Julien, fondateur d'ImmoClap (Marrakech). On transforme les photos de vos biens en vidéo cinématique pour Instagram, TikTok et les portails, en quelques minutes, avec votre logo.
Je vois que vous publiez déjà des vidéos : ImmoClap vous évite le tournage et le montage.
Exemple : https://immoclap.netlify.app/?v=wa-ma
Offre de lancement : -30 % sur la 1re vidéo (104 DH au lieu de 149). Ou 899 DH/mois pour 10 vidéos.
Je peux vous en dire plus ?",,,à envoyer
Cabinet Immobilier et d'Affaires Belmahi,Rabat,"Bureau : 333 Avenue Mohamed V, 1er étage | Biens (échantillon Mubawab) : Souissi, Les Orangers",,,,https://www.instagram.com/cabinetimmobilierbelmahi/,oui,"Bonjour Cabinet Immobilier et d'Affaires Belmahi 👋
Je suis Julien, fondateur d'ImmoClap (Marrakech). On transforme les photos de vos biens en vidéo cinématique pour Instagram, TikTok et les portails, en quelques minutes, avec votre logo.
Je vois que vous publiez déjà des vidéos : ImmoClap vous évite le tournage et le montage.
Exemple : https://immoclap.netlify.app/?v=wa-ma
Offre de lancement : -30 % sur la 1re vidéo (104 DH au lieu de 149). Ou 899 DH/mois pour 10 vidéos.
Je peux vous en dire plus ?",,,pas de mobile → e-mail/DM
Zirari Immo,Rabat,"Bureau : Agdal - Rabat | Biens (échantillon Mubawab) : Souissi, Riyad, Hassan - Centre Ville",+212613775773,https://wa.me/212613775773?text=Bonjour%20Zirari%20Immo%20%F0%9F%91%8B%0AJe%20suis%20Julien%2C%20fondateur%20d%27ImmoClap%20%28Marrakech%29.%20On%20transforme%20les%20photos%20de%20vos%20biens%20en%20vid%C3%A9o%20cin%C3%A9matique%20pour%20Instagram%2C%20TikTok%20et%20les%20portails%2C%20en%20quelques%20minutes%2C%20avec%20votre%20logo.%0AVos%20annonces%20pourraient%20avoir%20une%20vid%C3%A9o%20en%20plus%20des%20photos%2C%20sans%20tournage.%0AExemple%20%3A%20https%3A//immoclap.netlify.app/%3Fv%3Dwa-ma%0AOffre%20de%20lancement%20%3A%20-30%20%25%20sur%20la%201re%20vid%C3%A9o%20%28104%20DH%20au%20lieu%20de%20149%29.%20Ou%20899%20DH/mois%20pour%2010%20vid%C3%A9os.%0AJe%20peux%20vous%20en%20dire%20plus%20%3F,,,inconnu,"Bonjour Zirari Immo 👋
Je suis Julien, fondateur d'ImmoClap (Marrakech). On transforme les photos de vos biens en vidéo cinématique pour Instagram, TikTok et les portails, en quelques minutes, avec votre logo.
Vos annonces pourraient avoir une vidéo en plus des photos, sans tournage.
Exemple : https://immoclap.netlify.app/?v=wa-ma
Offre de lancement : -30 % sur la 1re vidéo (104 DH au lieu de 149). Ou 899 DH/mois pour 10 vidéos.
Je peux vous en dire plus ?",,,à envoyer
Immo Milan,Tanger,"Bureau : Avenue Moulay Rachid lot Safir, immeuble n°28 rez-de-chaussée | Biens (échantillon Mubawab) : Jbel Kbir, Du Golf, Californie",+212679378089,https://wa.me/212679378089?text=Bonjour%20Immo%20Milan%20%F0%9F%91%8B%0AJe%20suis%20Julien%2C%20fondateur%20d%27ImmoClap%20%28Marrakech%29.%20On%20transforme%20les%20photos%20de%20vos%20biens%20en%20vid%C3%A9o%20cin%C3%A9matique%20pour%20Instagram%2C%20TikTok%20et%20les%20portails%2C%20en%20quelques%20minutes%2C%20avec%20votre%20logo.%0AVos%20annonces%20pourraient%20avoir%20une%20vid%C3%A9o%20en%20plus%20des%20photos%2C%20sans%20tournage.%0AExemple%20%3A%20https%3A//immoclap.netlify.app/%3Fv%3Dwa-ma%0AOffre%20de%20lancement%20%3A%20-30%20%25%20sur%20la%201re%20vid%C3%A9o%20%28104%20DH%20au%20lieu%20de%20149%29.%20Ou%20899%20DH/mois%20pour%2010%20vid%C3%A9os.%0AJe%20peux%20vous%20en%20dire%20plus%20%3F,contactmilan707@gmail.com,,inconnu,"Bonjour Immo Milan 👋
Je suis Julien, fondateur d'ImmoClap (Marrakech). On transforme les photos de vos biens en vidéo cinématique pour Instagram, TikTok et les portails, en quelques minutes, avec votre logo.
Vos annonces pourraient avoir une vidéo en plus des photos, sans tournage.
Exemple : https://immoclap.netlify.app/?v=wa-ma
Offre de lancement : -30 % sur la 1re vidéo (104 DH au lieu de 149). Ou 899 DH/mois pour 10 vidéos.
Je peux vous en dire plus ?",,,à envoyer
Free Agency,Tanger,"Bureau : Cap Malabata | Biens (échantillon Mubawab) : Manar, Achakar, Mediouna",+212693453218,https://wa.me/212693453218?text=Bonjour%20Free%20Agency%20%F0%9F%91%8B%0AJe%20suis%20Julien%2C%20fondateur%20d%27ImmoClap%20%28Marrakech%29.%20On%20transforme%20les%20photos%20de%20vos%20biens%20en%20vid%C3%A9o%20cin%C3%A9matique%20pour%20Instagram%2C%20TikTok%20et%20les%20portails%2C%20en%20quelques%20minutes%2C%20avec%20votre%20logo.%0AVos%20annonces%20pourraient%20avoir%20une%20vid%C3%A9o%20en%20plus%20des%20photos%2C%20sans%20tournage.%0AExemple%20%3A%20https%3A//immoclap.netlify.app/%3Fv%3Dwa-ma%0AOffre%20de%20lancement%20%3A%20-30%20%25%20sur%20la%201re%20vid%C3%A9o%20%28104%20DH%20au%20lieu%20de%20149%29.%20Ou%20899%20DH/mois%20pour%2010%20vid%C3%A9os.%0AJe%20peux%20vous%20en%20dire%20plus%20%3F,,https://www.instagram.com/freeagency.ma/,inconnu,"Bonjour Free Agency 👋
Je suis Julien, fondateur d'ImmoClap (Marrakech). On transforme les photos de vos biens en vidéo cinématique pour Instagram, TikTok et les portails, en quelques minutes, avec votre logo.
Vos annonces pourraient avoir une vidéo en plus des photos, sans tournage.
Exemple : https://immoclap.netlify.app/?v=wa-ma
Offre de lancement : -30 % sur la 1re vidéo (104 DH au lieu de 149). Ou 899 DH/mois pour 10 vidéos.
Je peux vous en dire plus ?",,,à envoyer
MBI Investment,Tanger,"Bureau : Complexe Tanger Boulevard, bd Mohammed (face hôtel Flandria), bloc 2 local 1 | Biens (échantillon Mubawab) : Manar, Centre, Du Golf",,,contact@mbi-invest.com,https://www.instagram.com/mbi_investment_officiel/,oui,"Bonjour MBI Investment 👋
Je suis Julien, fondateur d'ImmoClap (Marrakech). On transforme les photos de vos biens en vidéo cinématique pour Instagram, TikTok et les portails, en quelques minutes, avec votre logo.
Je vois que vous publiez déjà des vidéos : ImmoClap vous évite le tournage et le montage.
Exemple : https://immoclap.netlify.app/?v=wa-ma
Offre de lancement : -30 % sur la 1re vidéo (104 DH au lieu de 149). Ou 899 DH/mois pour 10 vidéos.
Je peux vous en dire plus ?",,,pas de mobile → e-mail/DM
Immocorner (Immo Corner),Tanger,"Bureau : 35 Rue Al Kindy, Résidence les Lumières, 3e étage, bureau 37 | Biens (échantillon Mubawab) : Jbel Kbir, Californie, Malabata",+212632525152,https://wa.me/212632525152?text=Bonjour%20Immocorner%20%28Immo%20Corner%29%20%F0%9F%91%8B%0AJe%20suis%20Julien%2C%20fondateur%20d%27ImmoClap%20%28Marrakech%29.%20On%20transforme%20les%20photos%20de%20vos%20biens%20en%20vid%C3%A9o%20cin%C3%A9matique%20pour%20Instagram%2C%20TikTok%20et%20les%20portails%2C%20en%20quelques%20minutes%2C%20avec%20votre%20logo.%0AJe%20vois%20que%20vous%20publiez%20d%C3%A9j%C3%A0%20des%20vid%C3%A9os%20%3A%20ImmoClap%20vous%20%C3%A9vite%20le%20tournage%20et%20le%20montage.%0AExemple%20%3A%20https%3A//immoclap.netlify.app/%3Fv%3Dwa-ma%0AOffre%20de%20lancement%20%3A%20-30%20%25%20sur%20la%201re%20vid%C3%A9o%20%28104%20DH%20au%20lieu%20de%20149%29.%20Ou%20899%20DH/mois%20pour%2010%20vid%C3%A9os.%0AJe%20peux%20vous%20en%20dire%20plus%20%3F,info@immocorner.ma,https://www.instagram.com/immocorner.ma/,oui,"Bonjour Immocorner (Immo Corner) 👋
Je suis Julien, fondateur d'ImmoClap (Marrakech). On transforme les photos de vos biens en vidéo cinématique pour Instagram, TikTok et les portails, en quelques minutes, avec votre logo.
Je vois que vous publiez déjà des vidéos : ImmoClap vous évite le tournage et le montage.
Exemple : https://immoclap.netlify.app/?v=wa-ma
Offre de lancement : -30 % sur la 1re vidéo (104 DH au lieu de 149). Ou 899 DH/mois pour 10 vidéos.
Je peux vous en dire plus ?",,,à envoyer
Castle Agency,Tanger,"Bureau : 5, Rue Ibn Okail, Immeuble Badr - Local 3 (Place des Nations) | Biens (échantillon Mubawab) : Manar, Du Golf, Drissia",,,,,oui,"Bonjour Castle Agency 👋
Je suis Julien, fondateur d'ImmoClap (Marrakech). On transforme les photos de vos biens en vidéo cinématique pour Instagram, TikTok et les portails, en quelques minutes, avec votre logo.
Je vois que vous publiez déjà des vidéos : ImmoClap vous évite le tournage et le montage.
Exemple : https://immoclap.netlify.app/?v=wa-ma
Offre de lancement : -30 % sur la 1re vidéo (104 DH au lieu de 149). Ou 899 DH/mois pour 10 vidéos.
Je peux vous en dire plus ?",,,pas de mobile → e-mail/DM
BAK Services,Tanger,"Bureau : 5, Résidence Badr, Rue Ibn Okail, quartier administratif | Biens (échantillon Mubawab) : Centre, Achakar, Nzaha",+212661490153,https://wa.me/212661490153?text=Bonjour%20BAK%20Services%20%F0%9F%91%8B%0AJe%20suis%20Julien%2C%20fondateur%20d%27ImmoClap%20%28Marrakech%29.%20On%20transforme%20les%20photos%20de%20vos%20biens%20en%20vid%C3%A9o%20cin%C3%A9matique%20pour%20Instagram%2C%20TikTok%20et%20les%20portails%2C%20en%20quelques%20minutes%2C%20avec%20votre%20logo.%0AVos%20annonces%20pourraient%20avoir%20une%20vid%C3%A9o%20en%20plus%20des%20photos%2C%20sans%20tournage.%0AExemple%20%3A%20https%3A//immoclap.netlify.app/%3Fv%3Dwa-ma%0AOffre%20de%20lancement%20%3A%20-30%20%25%20sur%20la%201re%20vid%C3%A9o%20%28104%20DH%20au%20lieu%20de%20149%29.%20Ou%20899%20DH/mois%20pour%2010%20vid%C3%A9os.%0AJe%20peux%20vous%20en%20dire%20plus%20%3F,,,inconnu,"Bonjour BAK Services 👋
Je suis Julien, fondateur d'ImmoClap (Marrakech). On transforme les photos de vos biens en vidéo cinématique pour Instagram, TikTok et les portails, en quelques minutes, avec votre logo.
Vos annonces pourraient avoir une vidéo en plus des photos, sans tournage.
Exemple : https://immoclap.netlify.app/?v=wa-ma
Offre de lancement : -30 % sur la 1re vidéo (104 DH au lieu de 149). Ou 899 DH/mois pour 10 vidéos.
Je peux vous en dire plus ?",,,à envoyer
NREA Invest,Tanger,"Bureau : Rue Carnot, Immeuble N° 23, 8e étage N° 2 (à côté de l'immeuble Atento) | Biens (échantillon Mubawab) : De La Plage, Moujahidine",+212661068244,https://wa.me/212661068244?text=Bonjour%20NREA%20Invest%20%F0%9F%91%8B%0AJe%20suis%20Julien%2C%20fondateur%20d%27ImmoClap%20%28Marrakech%29.%20On%20transforme%20les%20photos%20de%20vos%20biens%20en%20vid%C3%A9o%20cin%C3%A9matique%20pour%20Instagram%2C%20TikTok%20et%20les%20portails%2C%20en%20quelques%20minutes%2C%20avec%20votre%20logo.%0AJe%20vois%20que%20vous%20publiez%20d%C3%A9j%C3%A0%20des%20vid%C3%A9os%20%3A%20ImmoClap%20vous%20%C3%A9vite%20le%20tournage%20et%20le%20montage.%0AExemple%20%3A%20https%3A//immoclap.netlify.app/%3Fv%3Dwa-ma%0AOffre%20de%20lancement%20%3A%20-30%20%25%20sur%20la%201re%20vid%C3%A9o%20%28104%20DH%20au%20lieu%20de%20149%29.%20Ou%20899%20DH/mois%20pour%2010%20vid%C3%A9os.%0AJe%20peux%20vous%20en%20dire%20plus%20%3F,info@nreainvest.com,https://www.instagram.com/nrea_invest/,oui,"Bonjour NREA Invest 👋
Je suis Julien, fondateur d'ImmoClap (Marrakech). On transforme les photos de vos biens en vidéo cinématique pour Instagram, TikTok et les portails, en quelques minutes, avec votre logo.
Je vois que vous publiez déjà des vidéos : ImmoClap vous évite le tournage et le montage.
Exemple : https://immoclap.netlify.app/?v=wa-ma
Offre de lancement : -30 % sur la 1re vidéo (104 DH au lieu de 149). Ou 899 DH/mois pour 10 vidéos.
Je peux vous en dire plus ?",,,à envoyer
At-Home Immobilier,Tanger,"Bureau : Av. Youssef Ibn Tachfine, Immeuble Ibn Batouta (Ibn Batouta Mall), 3e étage | Biens (échantillon Mubawab) : Jbel Kbir, De La Plage, Rmilat",,,contact@at-homeimmo.com,https://www.instagram.com/at_home_real_estate_agency/,inconnu,"Bonjour At-Home Immobilier 👋
Je suis Julien, fondateur d'ImmoClap (Marrakech). On transforme les photos de vos biens en vidéo cinématique pour Instagram, TikTok et les portails, en quelques minutes, avec votre logo.
Vos annonces pourraient avoir une vidéo en plus des photos, sans tournage.
Exemple : https://immoclap.netlify.app/?v=wa-ma
Offre de lancement : -30 % sur la 1re vidéo (104 DH au lieu de 149). Ou 899 DH/mois pour 10 vidéos.
Je peux vous en dire plus ?",,,pas de mobile → e-mail/DM
Cap 21 Property,Tanger,"Bureau : Avenue Beethoven, résidence Accacias C B-n°11 | Biens (échantillon Mubawab) : Du Golf, Centre, Achakar",+212663639874,https://wa.me/212663639874?text=Bonjour%20Cap%2021%20Property%20%F0%9F%91%8B%0AJe%20suis%20Julien%2C%20fondateur%20d%27ImmoClap%20%28Marrakech%29.%20On%20transforme%20les%20photos%20de%20vos%20biens%20en%20vid%C3%A9o%20cin%C3%A9matique%20pour%20Instagram%2C%20TikTok%20et%20les%20portails%2C%20en%20quelques%20minutes%2C%20avec%20votre%20logo.%0AJe%20vois%20que%20vous%20publiez%20d%C3%A9j%C3%A0%20des%20vid%C3%A9os%20%3A%20ImmoClap%20vous%20%C3%A9vite%20le%20tournage%20et%20le%20montage.%0AExemple%20%3A%20https%3A//immoclap.netlify.app/%3Fv%3Dwa-ma%0AOffre%20de%20lancement%20%3A%20-30%20%25%20sur%20la%201re%20vid%C3%A9o%20%28104%20DH%20au%20lieu%20de%20149%29.%20Ou%20899%20DH/mois%20pour%2010%20vid%C3%A9os.%0AJe%20peux%20vous%20en%20dire%20plus%20%3F,info@cap-property.com,https://www.instagram.com/cap21property/,oui,"Bonjour Cap 21 Property 👋
Je suis Julien, fondateur d'ImmoClap (Marrakech). On transforme les photos de vos biens en vidéo cinématique pour Instagram, TikTok et les portails, en quelques minutes, avec votre logo.
Je vois que vous publiez déjà des vidéos : ImmoClap vous évite le tournage et le montage.
Exemple : https://immoclap.netlify.app/?v=wa-ma
Offre de lancement : -30 % sur la 1re vidéo (104 DH au lieu de 149). Ou 899 DH/mois pour 10 vidéos.
Je peux vous en dire plus ?",,,à envoyer
Bayt Chamal,Tanger,"Bureau : Place Roudani, Rue Sena, Résidence Beethoven II, 3e étage N°82 | Biens (échantillon Mubawab) : Malabata, Achakar, Boukhalef",+212669804666,https://wa.me/212669804666?text=Bonjour%20Bayt%20Chamal%20%F0%9F%91%8B%0AJe%20suis%20Julien%2C%20fondateur%20d%27ImmoClap%20%28Marrakech%29.%20On%20transforme%20les%20photos%20de%20vos%20biens%20en%20vid%C3%A9o%20cin%C3%A9matique%20pour%20Instagram%2C%20TikTok%20et%20les%20portails%2C%20en%20quelques%20minutes%2C%20avec%20votre%20logo.%0AJe%20vois%20que%20vous%20publiez%20d%C3%A9j%C3%A0%20des%20vid%C3%A9os%20%3A%20ImmoClap%20vous%20%C3%A9vite%20le%20tournage%20et%20le%20montage.%0AExemple%20%3A%20https%3A//immoclap.netlify.app/%3Fv%3Dwa-ma%0AOffre%20de%20lancement%20%3A%20-30%20%25%20sur%20la%201re%20vid%C3%A9o%20%28104%20DH%20au%20lieu%20de%20149%29.%20Ou%20899%20DH/mois%20pour%2010%20vid%C3%A9os.%0AJe%20peux%20vous%20en%20dire%20plus%20%3F,,https://www.instagram.com/bayt_chamal/,oui,"Bonjour Bayt Chamal 👋
Je suis Julien, fondateur d'ImmoClap (Marrakech). On transforme les photos de vos biens en vidéo cinématique pour Instagram, TikTok et les portails, en quelques minutes, avec votre logo.
Je vois que vous publiez déjà des vidéos : ImmoClap vous évite le tournage et le montage.
Exemple : https://immoclap.netlify.app/?v=wa-ma
Offre de lancement : -30 % sur la 1re vidéo (104 DH au lieu de 149). Ou 899 DH/mois pour 10 vidéos.
Je peux vous en dire plus ?",,,à envoyer
1OF2 Real Estate,Tanger,"Bureau : 70 résidence Universal, rue de la Résistance, RDC magasin N4 | Biens (échantillon Mubawab) : Tanja Balia, Souani, Californie",+212632246586,https://wa.me/212632246586?text=Bonjour%201OF2%20Real%20Estate%20%F0%9F%91%8B%0AJe%20suis%20Julien%2C%20fondateur%20d%27ImmoClap%20%28Marrakech%29.%20On%20transforme%20les%20photos%20de%20vos%20biens%20en%20vid%C3%A9o%20cin%C3%A9matique%20pour%20Instagram%2C%20TikTok%20et%20les%20portails%2C%20en%20quelques%20minutes%2C%20avec%20votre%20logo.%0AJe%20vois%20que%20vous%20publiez%20d%C3%A9j%C3%A0%20des%20vid%C3%A9os%20%3A%20ImmoClap%20vous%20%C3%A9vite%20le%20tournage%20et%20le%20montage.%0AExemple%20%3A%20https%3A//immoclap.netlify.app/%3Fv%3Dwa-ma%0AOffre%20de%20lancement%20%3A%20-30%20%25%20sur%20la%201re%20vid%C3%A9o%20%28104%20DH%20au%20lieu%20de%20149%29.%20Ou%20899%20DH/mois%20pour%2010%20vid%C3%A9os.%0AJe%20peux%20vous%20en%20dire%20plus%20%3F,,https://www.instagram.com/1of2realestate/,oui,"Bonjour 1OF2 Real Estate 👋
Je suis Julien, fondateur d'ImmoClap (Marrakech). On transforme les photos de vos biens en vidéo cinématique pour Instagram, TikTok et les portails, en quelques minutes, avec votre logo.
Je vois que vous publiez déjà des vidéos : ImmoClap vous évite le tournage et le montage.
Exemple : https://immoclap.netlify.app/?v=wa-ma
Offre de lancement : -30 % sur la 1re vidéo (104 DH au lieu de 149). Ou 899 DH/mois pour 10 vidéos.
Je peux vous en dire plus ?",,,à envoyer
Kay Realestate,Tanger,"Bureau : Résidence Chahbae A1, Rue Beethoven 50 A N° 4 | Biens (échantillon Mubawab) : Manar, Jbel Kbir, Mister Khouch",,,info@kayrealestatetanger.com,https://www.instagram.com/kayreal_estate/,oui,"Bonjour Kay Realestate 👋
Je suis Julien, fondateur d'ImmoClap (Marrakech). On transforme les photos de vos biens en vidéo cinématique pour Instagram, TikTok et les portails, en quelques minutes, avec votre logo.
Je vois que vous publiez déjà des vidéos : ImmoClap vous évite le tournage et le montage.
Exemple : https://immoclap.netlify.app/?v=wa-ma
Offre de lancement : -30 % sur la 1re vidéo (104 DH au lieu de 149). Ou 899 DH/mois pour 10 vidéos.
Je peux vous en dire plus ?",,,pas de mobile → e-mail/DM
Hercules Real Estate,Tanger,"Bureau : Perla Oficinas, angle rue Oujda et Tantan, 9e étage n°45 | Biens (échantillon Mubawab) : Jbel Kbir, Malabata, Sania",+212666417167,https://wa.me/212666417167?text=Bonjour%20Hercules%20Real%20Estate%20%F0%9F%91%8B%0AJe%20suis%20Julien%2C%20fondateur%20d%27ImmoClap%20%28Marrakech%29.%20On%20transforme%20les%20photos%20de%20vos%20biens%20en%20vid%C3%A9o%20cin%C3%A9matique%20pour%20Instagram%2C%20TikTok%20et%20les%20portails%2C%20en%20quelques%20minutes%2C%20avec%20votre%20logo.%0AJe%20vois%20que%20vous%20publiez%20d%C3%A9j%C3%A0%20des%20vid%C3%A9os%20%3A%20ImmoClap%20vous%20%C3%A9vite%20le%20tournage%20et%20le%20montage.%0AExemple%20%3A%20https%3A//immoclap.netlify.app/%3Fv%3Dwa-ma%0AOffre%20de%20lancement%20%3A%20-30%20%25%20sur%20la%201re%20vid%C3%A9o%20%28104%20DH%20au%20lieu%20de%20149%29.%20Ou%20899%20DH/mois%20pour%2010%20vid%C3%A9os.%0AJe%20peux%20vous%20en%20dire%20plus%20%3F,contact@hercules.ma,https://www.instagram.com/hercules.real.estate/,oui,"Bonjour Hercules Real Estate 👋
Je suis Julien, fondateur d'ImmoClap (Marrakech). On transforme les photos de vos biens en vidéo cinématique pour Instagram, TikTok et les portails, en quelques minutes, avec votre logo.
Je vois que vous publiez déjà des vidéos : ImmoClap vous évite le tournage et le montage.
Exemple : https://immoclap.netlify.app/?v=wa-ma
Offre de lancement : -30 % sur la 1re vidéo (104 DH au lieu de 149). Ou 899 DH/mois pour 10 vidéos.
Je peux vous en dire plus ?",,,à envoyer
Young Associates Maroc,Tanger,"Bureau : Résidence Majd, 32 rue Assad Ibn al Farrat",,,info@ya-maroc.com,https://www.instagram.com/youngassociatesmaroc/,inconnu,"Bonjour Young Associates Maroc 👋
Je suis Julien, fondateur d'ImmoClap (Marrakech). On transforme les photos de vos biens en vidéo cinématique pour Instagram, TikTok et les portails, en quelques minutes, avec votre logo.
Vos annonces pourraient avoir une vidéo en plus des photos, sans tournage.
Exemple : https://immoclap.netlify.app/?v=wa-ma
Offre de lancement : -30 % sur la 1re vidéo (104 DH au lieu de 149). Ou 899 DH/mois pour 10 vidéos.
Je peux vous en dire plus ?",,,pas de mobile → e-mail/DM
Tanger Estates,Tanger,"Bureau : quartier Al Hassania, rue Al Irak N°7 | Biens (échantillon Mubawab) : Achakar, Mediouna",+212606066214,https://wa.me/212606066214?text=Bonjour%20Tanger%20Estates%20%F0%9F%91%8B%0AJe%20suis%20Julien%2C%20fondateur%20d%27ImmoClap%20%28Marrakech%29.%20On%20transforme%20les%20photos%20de%20vos%20biens%20en%20vid%C3%A9o%20cin%C3%A9matique%20pour%20Instagram%2C%20TikTok%20et%20les%20portails%2C%20en%20quelques%20minutes%2C%20avec%20votre%20logo.%0AJe%20vois%20que%20vous%20publiez%20d%C3%A9j%C3%A0%20des%20vid%C3%A9os%20%3A%20ImmoClap%20vous%20%C3%A9vite%20le%20tournage%20et%20le%20montage.%0AExemple%20%3A%20https%3A//immoclap.netlify.app/%3Fv%3Dwa-ma%0AOffre%20de%20lancement%20%3A%20-30%20%25%20sur%20la%201re%20vid%C3%A9o%20%28104%20DH%20au%20lieu%20de%20149%29.%20Ou%20899%20DH/mois%20pour%2010%20vid%C3%A9os.%0AJe%20peux%20vous%20en%20dire%20plus%20%3F,contact@tangerestates.com,https://www.instagram.com/tangerestates/,oui,"Bonjour Tanger Estates 👋
Je suis Julien, fondateur d'ImmoClap (Marrakech). On transforme les photos de vos biens en vidéo cinématique pour Instagram, TikTok et les portails, en quelques minutes, avec votre logo.
Je vois que vous publiez déjà des vidéos : ImmoClap vous évite le tournage et le montage.
Exemple : https://immoclap.netlify.app/?v=wa-ma
Offre de lancement : -30 % sur la 1re vidéo (104 DH au lieu de 149). Ou 899 DH/mois pour 10 vidéos.
Je peux vous en dire plus ?",,,à envoyer
Belma Immobilier,Tanger,"Bureau : Av Mohammed 6, Rue El Porto (à côté de l'hôtel Kenzi Solazur), Imm Zohor 1, 1er étage, Apt N°31 | Biens (échantillon Mubawab) : Cap Spartel, Rmilat, Jbel Kbir",,,,https://www.instagram.com/belmaimmobiliertanger/,oui,"Bonjour Belma Immobilier 👋
Je suis Julien, fondateur d'ImmoClap (Marrakech). On transforme les photos de vos biens en vidéo cinématique pour Instagram, TikTok et les portails, en quelques minutes, avec votre logo.
Je vois que vous publiez déjà des vidéos : ImmoClap vous évite le tournage et le montage.
Exemple : https://immoclap.netlify.app/?v=wa-ma
Offre de lancement : -30 % sur la 1re vidéo (104 DH au lieu de 149). Ou 899 DH/mois pour 10 vidéos.
Je peux vous en dire plus ?",,,pas de mobile → e-mail/DM
Properta & Co,Tanger,"Biens (échantillon Mubawab) : Sania, Manar, Ziaten",+212678115700,https://wa.me/212678115700?text=Bonjour%20Properta%20%26%20Co%20%F0%9F%91%8B%0AJe%20suis%20Julien%2C%20fondateur%20d%27ImmoClap%20%28Marrakech%29.%20On%20transforme%20les%20photos%20de%20vos%20biens%20en%20vid%C3%A9o%20cin%C3%A9matique%20pour%20Instagram%2C%20TikTok%20et%20les%20portails%2C%20en%20quelques%20minutes%2C%20avec%20votre%20logo.%0AJe%20vois%20que%20vous%20publiez%20d%C3%A9j%C3%A0%20des%20vid%C3%A9os%20%3A%20ImmoClap%20vous%20%C3%A9vite%20le%20tournage%20et%20le%20montage.%0AExemple%20%3A%20https%3A//immoclap.netlify.app/%3Fv%3Dwa-ma%0AOffre%20de%20lancement%20%3A%20-30%20%25%20sur%20la%201re%20vid%C3%A9o%20%28104%20DH%20au%20lieu%20de%20149%29.%20Ou%20899%20DH/mois%20pour%2010%20vid%C3%A9os.%0AJe%20peux%20vous%20en%20dire%20plus%20%3F,,https://www.instagram.com/propertaandco/,oui,"Bonjour Properta & Co 👋
Je suis Julien, fondateur d'ImmoClap (Marrakech). On transforme les photos de vos biens en vidéo cinématique pour Instagram, TikTok et les portails, en quelques minutes, avec votre logo.
Je vois que vous publiez déjà des vidéos : ImmoClap vous évite le tournage et le montage.
Exemple : https://immoclap.netlify.app/?v=wa-ma
Offre de lancement : -30 % sur la 1re vidéo (104 DH au lieu de 149). Ou 899 DH/mois pour 10 vidéos.
Je peux vous en dire plus ?",,,à envoyer
Private Estate,Tanger,"Bureau : Rue Ibn Toumart (en face de l'école Berchet), résidence les Lumières, 1er étage, bureau N°17 | Biens (échantillon Mubawab) : Jbel Kbir",+212669744662,https://wa.me/212669744662?text=Bonjour%20Private%20Estate%20%F0%9F%91%8B%0AJe%20suis%20Julien%2C%20fondateur%20d%27ImmoClap%20%28Marrakech%29.%20On%20transforme%20les%20photos%20de%20vos%20biens%20en%20vid%C3%A9o%20cin%C3%A9matique%20pour%20Instagram%2C%20TikTok%20et%20les%20portails%2C%20en%20quelques%20minutes%2C%20avec%20votre%20logo.%0AVos%20annonces%20pourraient%20avoir%20une%20vid%C3%A9o%20en%20plus%20des%20photos%2C%20sans%20tournage.%0AExemple%20%3A%20https%3A//immoclap.netlify.app/%3Fv%3Dwa-ma%0AOffre%20de%20lancement%20%3A%20-30%20%25%20sur%20la%201re%20vid%C3%A9o%20%28104%20DH%20au%20lieu%20de%20149%29.%20Ou%20899%20DH/mois%20pour%2010%20vid%C3%A9os.%0AJe%20peux%20vous%20en%20dire%20plus%20%3F,,,inconnu,"Bonjour Private Estate 👋
Je suis Julien, fondateur d'ImmoClap (Marrakech). On transforme les photos de vos biens en vidéo cinématique pour Instagram, TikTok et les portails, en quelques minutes, avec votre logo.
Vos annonces pourraient avoir une vidéo en plus des photos, sans tournage.
Exemple : https://immoclap.netlify.app/?v=wa-ma
Offre de lancement : -30 % sur la 1re vidéo (104 DH au lieu de 149). Ou 899 DH/mois pour 10 vidéos.
Je peux vous en dire plus ?",,,à envoyer
Villart-Immo,Tanger,"Bureau : Résidence Al Ors (Atento), 23 rue Carnot, 4e étage, bureau n°4 | Biens (échantillon Mubawab) : Bella Vista, Charf, Drissia",,,info@villart-immo.com,https://www.instagram.com/villartimmo/,oui,"Bonjour Villart-Immo 👋
Je suis Julien, fondateur d'ImmoClap (Marrakech). On transforme les photos de vos biens en vidéo cinématique pour Instagram, TikTok et les portails, en quelques minutes, avec votre logo.
Je vois que vous publiez déjà des vidéos : ImmoClap vous évite le tournage et le montage.
Exemple : https://immoclap.netlify.app/?v=wa-ma
Offre de lancement : -30 % sur la 1re vidéo (104 DH au lieu de 149). Ou 899 DH/mois pour 10 vidéos.
Je peux vous en dire plus ?",,,pas de mobile → e-mail/DM
Agence Kira Immo Tanger,Tanger,"Bureau : place de la Ligue arabe, rue de Tétouan, Nadia Building, 7e étage | Biens (échantillon Mubawab) : Achakar, Moujahidine",+212662877613,https://wa.me/212662877613?text=Bonjour%20Agence%20Kira%20Immo%20Tanger%20%F0%9F%91%8B%0AJe%20suis%20Julien%2C%20fondateur%20d%27ImmoClap%20%28Marrakech%29.%20On%20transforme%20les%20photos%20de%20vos%20biens%20en%20vid%C3%A9o%20cin%C3%A9matique%20pour%20Instagram%2C%20TikTok%20et%20les%20portails%2C%20en%20quelques%20minutes%2C%20avec%20votre%20logo.%0AJe%20vois%20que%20vous%20publiez%20d%C3%A9j%C3%A0%20des%20vid%C3%A9os%20%3A%20ImmoClap%20vous%20%C3%A9vite%20le%20tournage%20et%20le%20montage.%0AExemple%20%3A%20https%3A//immoclap.netlify.app/%3Fv%3Dwa-ma%0AOffre%20de%20lancement%20%3A%20-30%20%25%20sur%20la%201re%20vid%C3%A9o%20%28104%20DH%20au%20lieu%20de%20149%29.%20Ou%20899%20DH/mois%20pour%2010%20vid%C3%A9os.%0AJe%20peux%20vous%20en%20dire%20plus%20%3F,,https://www.instagram.com/kira.immo/,oui,"Bonjour Agence Kira Immo Tanger 👋
Je suis Julien, fondateur d'ImmoClap (Marrakech). On transforme les photos de vos biens en vidéo cinématique pour Instagram, TikTok et les portails, en quelques minutes, avec votre logo.
Je vois que vous publiez déjà des vidéos : ImmoClap vous évite le tournage et le montage.
Exemple : https://immoclap.netlify.app/?v=wa-ma
Offre de lancement : -30 % sur la 1re vidéo (104 DH au lieu de 149). Ou 899 DH/mois pour 10 vidéos.
Je peux vous en dire plus ?",,,à envoyer
Acces Immo Tanger,Tanger,"Bureau : Malabata, Av Mohammed 6, Complexe Alia C, RDC n°7 | Biens (échantillon Mubawab) : Du Golf",+212661373065,https://wa.me/212661373065?text=Bonjour%20Acces%20Immo%20Tanger%20%F0%9F%91%8B%0AJe%20suis%20Julien%2C%20fondateur%20d%27ImmoClap%20%28Marrakech%29.%20On%20transforme%20les%20photos%20de%20vos%20biens%20en%20vid%C3%A9o%20cin%C3%A9matique%20pour%20Instagram%2C%20TikTok%20et%20les%20portails%2C%20en%20quelques%20minutes%2C%20avec%20votre%20logo.%0AJe%20vois%20que%20vous%20publiez%20d%C3%A9j%C3%A0%20des%20vid%C3%A9os%20%3A%20ImmoClap%20vous%20%C3%A9vite%20le%20tournage%20et%20le%20montage.%0AExemple%20%3A%20https%3A//immoclap.netlify.app/%3Fv%3Dwa-ma%0AOffre%20de%20lancement%20%3A%20-30%20%25%20sur%20la%201re%20vid%C3%A9o%20%28104%20DH%20au%20lieu%20de%20149%29.%20Ou%20899%20DH/mois%20pour%2010%20vid%C3%A9os.%0AJe%20peux%20vous%20en%20dire%20plus%20%3F,info@accesimmotanger.com,https://www.instagram.com/agence.accesimmotanger/,oui,"Bonjour Acces Immo Tanger 👋
Je suis Julien, fondateur d'ImmoClap (Marrakech). On transforme les photos de vos biens en vidéo cinématique pour Instagram, TikTok et les portails, en quelques minutes, avec votre logo.
Je vois que vous publiez déjà des vidéos : ImmoClap vous évite le tournage et le montage.
Exemple : https://immoclap.netlify.app/?v=wa-ma
Offre de lancement : -30 % sur la 1re vidéo (104 DH au lieu de 149). Ou 899 DH/mois pour 10 vidéos.
Je peux vous en dire plus ?",,,à envoyer
Terre et Mer Immobilier,Tanger,"Bureau : Résidence Tasnim Plaza, 9e étage, angle av. Abdellah Guennoun / Abi Jarir Tabari | Biens (échantillon Mubawab) : Malabata, Branes 2",+212663754401,https://wa.me/212663754401?text=Bonjour%20Terre%20et%20Mer%20Immobilier%20%F0%9F%91%8B%0AJe%20suis%20Julien%2C%20fondateur%20d%27ImmoClap%20%28Marrakech%29.%20On%20transforme%20les%20photos%20de%20vos%20biens%20en%20vid%C3%A9o%20cin%C3%A9matique%20pour%20Instagram%2C%20TikTok%20et%20les%20portails%2C%20en%20quelques%20minutes%2C%20avec%20votre%20logo.%0AJe%20vois%20que%20vous%20publiez%20d%C3%A9j%C3%A0%20des%20vid%C3%A9os%20%3A%20ImmoClap%20vous%20%C3%A9vite%20le%20tournage%20et%20le%20montage.%0AExemple%20%3A%20https%3A//immoclap.netlify.app/%3Fv%3Dwa-ma%0AOffre%20de%20lancement%20%3A%20-30%20%25%20sur%20la%201re%20vid%C3%A9o%20%28104%20DH%20au%20lieu%20de%20149%29.%20Ou%20899%20DH/mois%20pour%2010%20vid%C3%A9os.%0AJe%20peux%20vous%20en%20dire%20plus%20%3F,,https://www.instagram.com/terreetmerimmo.tanger/,oui,"Bonjour Terre et Mer Immobilier 👋
Je suis Julien, fondateur d'ImmoClap (Marrakech). On transforme les photos de vos biens en vidéo cinématique pour Instagram, TikTok et les portails, en quelques minutes, avec votre logo.
Je vois que vous publiez déjà des vidéos : ImmoClap vous évite le tournage et le montage.
Exemple : https://immoclap.netlify.app/?v=wa-ma
Offre de lancement : -30 % sur la 1re vidéo (104 DH au lieu de 149). Ou 899 DH/mois pour 10 vidéos.
Je peux vous en dire plus ?",,,à envoyer
IMA Real Estate,Tanger,"Biens (échantillon Mubawab) : Charf, Malabata",+212666646095,https://wa.me/212666646095?text=Bonjour%20IMA%20Real%20Estate%20%F0%9F%91%8B%0AJe%20suis%20Julien%2C%20fondateur%20d%27ImmoClap%20%28Marrakech%29.%20On%20transforme%20les%20photos%20de%20vos%20biens%20en%20vid%C3%A9o%20cin%C3%A9matique%20pour%20Instagram%2C%20TikTok%20et%20les%20portails%2C%20en%20quelques%20minutes%2C%20avec%20votre%20logo.%0AJe%20vois%20que%20vous%20publiez%20d%C3%A9j%C3%A0%20des%20vid%C3%A9os%20%3A%20ImmoClap%20vous%20%C3%A9vite%20le%20tournage%20et%20le%20montage.%0AExemple%20%3A%20https%3A//immoclap.netlify.app/%3Fv%3Dwa-ma%0AOffre%20de%20lancement%20%3A%20-30%20%25%20sur%20la%201re%20vid%C3%A9o%20%28104%20DH%20au%20lieu%20de%20149%29.%20Ou%20899%20DH/mois%20pour%2010%20vid%C3%A9os.%0AJe%20peux%20vous%20en%20dire%20plus%20%3F,,https://www.instagram.com/ima_real_estate/,oui,"Bonjour IMA Real Estate 👋
Je suis Julien, fondateur d'ImmoClap (Marrakech). On transforme les photos de vos biens en vidéo cinématique pour Instagram, TikTok et les portails, en quelques minutes, avec votre logo.
Je vois que vous publiez déjà des vidéos : ImmoClap vous évite le tournage et le montage.
Exemple : https://immoclap.netlify.app/?v=wa-ma
Offre de lancement : -30 % sur la 1re vidéo (104 DH au lieu de 149). Ou 899 DH/mois pour 10 vidéos.
Je peux vous en dire plus ?",,,à envoyer
Check In Agency,Tanger,"Bureau : Torre de las Palmas, Hay Najiba rue 88 N°11, 8e étage N°40",,,,,oui,"Bonjour Check In Agency 👋
Je suis Julien, fondateur d'ImmoClap (Marrakech). On transforme les photos de vos biens en vidéo cinématique pour Instagram, TikTok et les portails, en quelques minutes, avec votre logo.
Je vois que vous publiez déjà des vidéos : ImmoClap vous évite le tournage et le montage.
Exemple : https://immoclap.netlify.app/?v=wa-ma
Offre de lancement : -30 % sur la 1re vidéo (104 DH au lieu de 149). Ou 899 DH/mois pour 10 vidéos.
Je peux vous en dire plus ?",,,pas de mobile → e-mail/DM
Golden Empire,Tanger,"Bureau : Avenue Mohamed VI, Iris Plage 22 | Biens (échantillon Mubawab) : Jbel Kbir, De La Plage, Centre",+212662788018,https://wa.me/212662788018?text=Bonjour%20Golden%20Empire%20%F0%9F%91%8B%0AJe%20suis%20Julien%2C%20fondateur%20d%27ImmoClap%20%28Marrakech%29.%20On%20transforme%20les%20photos%20de%20vos%20biens%20en%20vid%C3%A9o%20cin%C3%A9matique%20pour%20Instagram%2C%20TikTok%20et%20les%20portails%2C%20en%20quelques%20minutes%2C%20avec%20votre%20logo.%0AJe%20vois%20que%20vous%20publiez%20d%C3%A9j%C3%A0%20des%20vid%C3%A9os%20%3A%20ImmoClap%20vous%20%C3%A9vite%20le%20tournage%20et%20le%20montage.%0AExemple%20%3A%20https%3A//immoclap.netlify.app/%3Fv%3Dwa-ma%0AOffre%20de%20lancement%20%3A%20-30%20%25%20sur%20la%201re%20vid%C3%A9o%20%28104%20DH%20au%20lieu%20de%20149%29.%20Ou%20899%20DH/mois%20pour%2010%20vid%C3%A9os.%0AJe%20peux%20vous%20en%20dire%20plus%20%3F,goldenempire019@gmail.com,https://www.instagram.com/goldennempire/,oui,"Bonjour Golden Empire 👋
Je suis Julien, fondateur d'ImmoClap (Marrakech). On transforme les photos de vos biens en vidéo cinématique pour Instagram, TikTok et les portails, en quelques minutes, avec votre logo.
Je vois que vous publiez déjà des vidéos : ImmoClap vous évite le tournage et le montage.
Exemple : https://immoclap.netlify.app/?v=wa-ma
Offre de lancement : -30 % sur la 1re vidéo (104 DH au lieu de 149). Ou 899 DH/mois pour 10 vidéos.
Je peux vous en dire plus ?",,,à envoyer
Simply Home Tanger,Tanger,"Bureau : Avenue Marrakech, Résidence Majorelle Bennis, Block D, RDC N 76 | Biens (échantillon Mubawab) : Achakar, Malabata, Tanja Balia",+212660842244,https://wa.me/212660842244?text=Bonjour%20Simply%20Home%20Tanger%20%F0%9F%91%8B%0AJe%20suis%20Julien%2C%20fondateur%20d%27ImmoClap%20%28Marrakech%29.%20On%20transforme%20les%20photos%20de%20vos%20biens%20en%20vid%C3%A9o%20cin%C3%A9matique%20pour%20Instagram%2C%20TikTok%20et%20les%20portails%2C%20en%20quelques%20minutes%2C%20avec%20votre%20logo.%0AJe%20vois%20que%20vous%20publiez%20d%C3%A9j%C3%A0%20des%20vid%C3%A9os%20%3A%20ImmoClap%20vous%20%C3%A9vite%20le%20tournage%20et%20le%20montage.%0AExemple%20%3A%20https%3A//immoclap.netlify.app/%3Fv%3Dwa-ma%0AOffre%20de%20lancement%20%3A%20-30%20%25%20sur%20la%201re%20vid%C3%A9o%20%28104%20DH%20au%20lieu%20de%20149%29.%20Ou%20899%20DH/mois%20pour%2010%20vid%C3%A9os.%0AJe%20peux%20vous%20en%20dire%20plus%20%3F,,https://www.instagram.com/simplyhometanger/,oui,"Bonjour Simply Home Tanger 👋
Je suis Julien, fondateur d'ImmoClap (Marrakech). On transforme les photos de vos biens en vidéo cinématique pour Instagram, TikTok et les portails, en quelques minutes, avec votre logo.
Je vois que vous publiez déjà des vidéos : ImmoClap vous évite le tournage et le montage.
Exemple : https://immoclap.netlify.app/?v=wa-ma
Offre de lancement : -30 % sur la 1re vidéo (104 DH au lieu de 149). Ou 899 DH/mois pour 10 vidéos.
Je peux vous en dire plus ?",,,à envoyer
MDK Immobilier,Tanger,"Bureau : Malabata | Biens (échantillon Mubawab) : Malabata, Rmilat, Achakar",+212663737494,https://wa.me/212663737494?text=Bonjour%20MDK%20Immobilier%20%F0%9F%91%8B%0AJe%20suis%20Julien%2C%20fondateur%20d%27ImmoClap%20%28Marrakech%29.%20On%20transforme%20les%20photos%20de%20vos%20biens%20en%20vid%C3%A9o%20cin%C3%A9matique%20pour%20Instagram%2C%20TikTok%20et%20les%20portails%2C%20en%20quelques%20minutes%2C%20avec%20votre%20logo.%0AJe%20vois%20que%20vous%20publiez%20d%C3%A9j%C3%A0%20des%20vid%C3%A9os%20%3A%20ImmoClap%20vous%20%C3%A9vite%20le%20tournage%20et%20le%20montage.%0AExemple%20%3A%20https%3A//immoclap.netlify.app/%3Fv%3Dwa-ma%0AOffre%20de%20lancement%20%3A%20-30%20%25%20sur%20la%201re%20vid%C3%A9o%20%28104%20DH%20au%20lieu%20de%20149%29.%20Ou%20899%20DH/mois%20pour%2010%20vid%C3%A9os.%0AJe%20peux%20vous%20en%20dire%20plus%20%3F,,https://www.instagram.com/mdk.immo/,oui,"Bonjour MDK Immobilier 👋
Je suis Julien, fondateur d'ImmoClap (Marrakech). On transforme les photos de vos biens en vidéo cinématique pour Instagram, TikTok et les portails, en quelques minutes, avec votre logo.
Je vois que vous publiez déjà des vidéos : ImmoClap vous évite le tournage et le montage.
Exemple : https://immoclap.netlify.app/?v=wa-ma
Offre de lancement : -30 % sur la 1re vidéo (104 DH au lieu de 149). Ou 899 DH/mois pour 10 vidéos.
Je peux vous en dire plus ?",,,à envoyer
RE/MAX City Tanger,Tanger,"Bureau : Iris Plage, Boulevard Mohammed VI bloc B1, N°8 | Biens (échantillon Mubawab) : Californie, Achakar, Sania",,,city.tanger@remax.ma,https://www.instagram.com/re.max.tangier/,inconnu,"Bonjour RE/MAX City Tanger 👋
Je suis Julien, fondateur d'ImmoClap (Marrakech). On transforme les photos de vos biens en vidéo cinématique pour Instagram, TikTok et les portails, en quelques minutes, avec votre logo.
Vos annonces pourraient avoir une vidéo en plus des photos, sans tournage.
Exemple : https://immoclap.netlify.app/?v=wa-ma
Offre de lancement : -30 % sur la 1re vidéo (104 DH au lieu de 149). Ou 899 DH/mois pour 10 vidéos.
Je peux vous en dire plus ?",,,pas de mobile → e-mail/DM
Century 21 Tanger,Tanger,"Bureau : Av Louis Van Beethoven, Rue Iraq N41 | Biens (échantillon Mubawab) : Star Hill, Route Nationale Assilah (N1), Californie",,,,https://www.instagram.com/century21tanger/,oui,"Bonjour Century 21 Tanger 👋
Je suis Julien, fondateur d'ImmoClap (Marrakech). On transforme les photos de vos biens en vidéo cinématique pour Instagram, TikTok et les portails, en quelques minutes, avec votre logo.
Je vois que vous publiez déjà des vidéos : ImmoClap vous évite le tournage et le montage.
Exemple : https://immoclap.netlify.app/?v=wa-ma
Offre de lancement : -30 % sur la 1re vidéo (104 DH au lieu de 149). Ou 899 DH/mois pour 10 vidéos.
Je peux vous en dire plus ?",,,pas de mobile → e-mail/DM
Darcom Maroc,Tanger,"Biens (échantillon Mubawab) : Manar, Centre, Sania",+212660250207,https://wa.me/212660250207?text=Bonjour%20Darcom%20Maroc%20%F0%9F%91%8B%0AJe%20suis%20Julien%2C%20fondateur%20d%27ImmoClap%20%28Marrakech%29.%20On%20transforme%20les%20photos%20de%20vos%20biens%20en%20vid%C3%A9o%20cin%C3%A9matique%20pour%20Instagram%2C%20TikTok%20et%20les%20portails%2C%20en%20quelques%20minutes%2C%20avec%20votre%20logo.%0AVos%20annonces%20pourraient%20avoir%20une%20vid%C3%A9o%20en%20plus%20des%20photos%2C%20sans%20tournage.%0AExemple%20%3A%20https%3A//immoclap.netlify.app/%3Fv%3Dwa-ma%0AOffre%20de%20lancement%20%3A%20-30%20%25%20sur%20la%201re%20vid%C3%A9o%20%28104%20DH%20au%20lieu%20de%20149%29.%20Ou%20899%20DH/mois%20pour%2010%20vid%C3%A9os.%0AJe%20peux%20vous%20en%20dire%20plus%20%3F,,,inconnu,"Bonjour Darcom Maroc 👋
Je suis Julien, fondateur d'ImmoClap (Marrakech). On transforme les photos de vos biens en vidéo cinématique pour Instagram, TikTok et les portails, en quelques minutes, avec votre logo.
Vos annonces pourraient avoir une vidéo en plus des photos, sans tournage.
Exemple : https://immoclap.netlify.app/?v=wa-ma
Offre de lancement : -30 % sur la 1re vidéo (104 DH au lieu de 149). Ou 899 DH/mois pour 10 vidéos.
Je peux vous en dire plus ?",,,à envoyer
Maxula.ma (Maxula House),Tanger,"Bureau : Avenue Beethoven, résidence Oumnia 1, bureau 83 (Nejma) | Biens (échantillon Mubawab) : Achakar",+212662069814,https://wa.me/212662069814?text=Bonjour%20Maxula.ma%20%28Maxula%20House%29%20%F0%9F%91%8B%0AJe%20suis%20Julien%2C%20fondateur%20d%27ImmoClap%20%28Marrakech%29.%20On%20transforme%20les%20photos%20de%20vos%20biens%20en%20vid%C3%A9o%20cin%C3%A9matique%20pour%20Instagram%2C%20TikTok%20et%20les%20portails%2C%20en%20quelques%20minutes%2C%20avec%20votre%20logo.%0AJe%20vois%20que%20vous%20publiez%20d%C3%A9j%C3%A0%20des%20vid%C3%A9os%20%3A%20ImmoClap%20vous%20%C3%A9vite%20le%20tournage%20et%20le%20montage.%0AExemple%20%3A%20https%3A//immoclap.netlify.app/%3Fv%3Dwa-ma%0AOffre%20de%20lancement%20%3A%20-30%20%25%20sur%20la%201re%20vid%C3%A9o%20%28104%20DH%20au%20lieu%20de%20149%29.%20Ou%20899%20DH/mois%20pour%2010%20vid%C3%A9os.%0AJe%20peux%20vous%20en%20dire%20plus%20%3F,contact@maxula.ma,https://www.instagram.com/maxula.ma/,oui,"Bonjour Maxula.ma (Maxula House) 👋
Je suis Julien, fondateur d'ImmoClap (Marrakech). On transforme les photos de vos biens en vidéo cinématique pour Instagram, TikTok et les portails, en quelques minutes, avec votre logo.
Je vois que vous publiez déjà des vidéos : ImmoClap vous évite le tournage et le montage.
Exemple : https://immoclap.netlify.app/?v=wa-ma
Offre de lancement : -30 % sur la 1re vidéo (104 DH au lieu de 149). Ou 899 DH/mois pour 10 vidéos.
Je peux vous en dire plus ?",,,à envoyer
R7IMMO,Tanger,"Bureau : Résidence Yamna 2 N°26, rue de la Jordanie | Biens (échantillon Mubawab) : Malabata",+212668690352,https://wa.me/212668690352?text=Bonjour%20R7IMMO%20%F0%9F%91%8B%0AJe%20suis%20Julien%2C%20fondateur%20d%27ImmoClap%20%28Marrakech%29.%20On%20transforme%20les%20photos%20de%20vos%20biens%20en%20vid%C3%A9o%20cin%C3%A9matique%20pour%20Instagram%2C%20TikTok%20et%20les%20portails%2C%20en%20quelques%20minutes%2C%20avec%20votre%20logo.%0AVos%20annonces%20pourraient%20avoir%20une%20vid%C3%A9o%20en%20plus%20des%20photos%2C%20sans%20tournage.%0AExemple%20%3A%20https%3A//immoclap.netlify.app/%3Fv%3Dwa-ma%0AOffre%20de%20lancement%20%3A%20-30%20%25%20sur%20la%201re%20vid%C3%A9o%20%28104%20DH%20au%20lieu%20de%20149%29.%20Ou%20899%20DH/mois%20pour%2010%20vid%C3%A9os.%0AJe%20peux%20vous%20en%20dire%20plus%20%3F,,,inconnu,"Bonjour R7IMMO 👋
Je suis Julien, fondateur d'ImmoClap (Marrakech). On transforme les photos de vos biens en vidéo cinématique pour Instagram, TikTok et les portails, en quelques minutes, avec votre logo.
Vos annonces pourraient avoir une vidéo en plus des photos, sans tournage.
Exemple : https://immoclap.netlify.app/?v=wa-ma
Offre de lancement : -30 % sur la 1re vidéo (104 DH au lieu de 149). Ou 899 DH/mois pour 10 vidéos.
Je peux vous en dire plus ?",,,à envoyer
